user_id,name,email,password,status,role,token,s_id,s_name,s_email,s_mobile,s_photo,s_gender,s_category,s_edu_qua,s_parent_name,s_parent_mobile,s_parent_occupation,c_id,c_name,c_fees,c_duration,ad_id,ad_fees_status,f_id,amount_paid,payment_date,payment_method,inq_id,inq_query,f_message,department_id,department_name,head_of_department,faculty_id,faculty_name,faculty_email,faculty_phone,document_id,document_type,upload_date,file_path,scholarship_id,scholarship_name,eligibility_criteria,scholarship_amount,award_id,awarded_date,application_id,company_name,application_date,placement_status,allocation_id,job_position,salary_package,joining_date,Volunteer_Experience,Internship_Experience,Online_Certifications_Count,Sports_Achievements,High_School_Percentage,Higher_Secondary_Percentage,Entrance_Exam_Score,Previous_GPA,Number_of_Backlogs,Hackathon_Participation,Online_Courses_Completed,Number_of_Backlogs,Dropout_Risk,Final_Admission_Status,Scholarship_Granted
1,Tyler Silva,franklinrobert@yahoo.com,)%z40SInO+,1,2,4cc34e71-f673-4357-bf46-553bd9b24dae,1,Rebecca Estrada,grossgabriel@gmail.com,+1-843-137-6375x990,https://dummyimage.com/521x328,0,SC,High School,Cory Yang,567-557-0375,Doctor,1,Electronics,5000000,2 Years,1,0,1,10000000,2025-01-05,UPI,1,Memory wide ever until early main election.,Meeting firm line shake.,1,Commerce,Brian Blackwell,1,Brooke Norris,andreasmith@gmail.com,+1-505-003-8526x8690,1,Other,2025-02-11,/herself/reflect.js,1,Need-Based,Such attorney amount.,500000,1,2025-01-15,1,Hall-Robbins,2025-01-14,2,1,Intern,100 LPA,2025-01-09,Yes,No,5,No,94.22,90.8,132.36,2.47,4,Yes,4,4,Low,Accepted,Yes
2,Lisa Davis,millerpamela@hansen-hill.com,99&1L(%k*v,1,1,1c7fb0fd-896b-4303-89ce-86b01f63f181,2,Rachel Brooks,natashasmith@yahoo.com,970-330-4612,https://dummyimage.com/642x517,2,General,Master's,Anthony Thornton,+1-961-512-3704x0380,Doctor,2,Electronics,5000000,4 Years,2,1,2,10000000,2025-02-13,Net Banking,2,Develop put those set appear.,Responsibility report risk impact indeed most.,2,Arts,Jason Page,2,Bruce Joyce,rothkelly@mason.info,580-503-9584,2,Resume,2025-01-02,/water/mouth.webm,2,Merit Scholarship,Compare all break which including respond officer.,500000,2,2025-01-24,2,"Esparza, Hensley and Delgado",2025-01-17,0,2,Software Engineer,100 LPA,2025-02-08,Yes,Yes,,Yes,50.64,89.21,87.67,2.61,5,No,5,5,Low,Rejected,Yes
3,Roberto Brandt,andrewthompson@hotmail.com,a5KEsH7G^6,1,1,b4abd549-33df-49ca-9fc4-f7236824042c,3,Julia Barr,lgiles@floyd-davis.net,066-143-2114,https://placeimg.com/495/146/any,1,SC,Master's,Erin Harrington,(500)382-1185,Teacher,3,Mechanical,180342,2 Years,3,0,3,10000000,2025-02-03,Net Banking,3,Purpose talk question drive increase several.,Fall meet later car determine must of.,3,Commerce,Melissa Silva,3,Jessica Anderson,gilberthaley@yahoo.com,3850997558,3,Resume,2025-02-12,/time/approach.webm,3,Need-Based,Exist instead worker.,42852,3,2025-01-09,3,Castaneda LLC,2025-01-04,2,3,Software Engineer,100 LPA,2025-02-12,No,Yes,1,No,70.45,62.32,174.53,2.69,5,No,17,5,High,Waitlisted,Yes
4,Nathaniel Weeks,mjefferson@salinas.info,#!iGaLs9p1,0,2,893460f5-49cb-4c23-8349-8ebad5616490,4,Tracy Cisneros,tsmith@gmail.com,001-661-908-7774,https://dummyimage.com/751x408,1,ST,High School,Timothy Riley,(721)649-7574x2688,Doctor,4,Computer Science,5000000,4 Years,4,1,4,185426,2025-01-29,Debit Card,4,Republican whatever west consumer ahead set.,Voice church chair democratic wait physical idea seek.,4,Arts,Marco Frost,4,Bradley Kelley,katie38@yahoo.com,(240)826-4203x5731,4,ID Proof,2025-02-06,/senior/law.odp,4,Sports Quota,Laugh effect sport daughter school buy.,18144,4,2025-01-06,4,Ortiz LLC,2025-01-25,2,4,Intern,6 LPA,2025-01-08,No,No,5,Yes,86.44,51.58,28.4,3.76,2,No,8,2,High,Accepted,Yes
5,Ryan Mcgee,westjennifer@gmail.com,r(6UVFRQ8u,0,0,7d7b5230-7e6f-4154-8ba2-87e9b5d8354a,5,Erika Gibson,todddavis@gmail.com,238-044-4142x812,https://dummyimage.com/58x995,0,General,Bachelor's,Gary Moses,2361597728,Business,5,Mechanical,5000000,4 Years,5,1,5,82178,2025-01-27,Credit Card,5,Company what fact author really.,Law evening enter different cut eye.,5,Arts,Bryan Ruiz,5,Jordan Bullock,jonathan64@hotmail.com,376-465-2412,5,Resume,2025-02-01,/top/authority.avi,5,Merit Scholarship,Clearly business public unit.,37457,5,2025-01-23,5,"Smith, Martinez and Bradshaw",2025-01-01,1,5,Manager,100 LPA,2025-01-06,No,Yes,,Yes,68.68,76.55,97.62,2.87,3,Yes,7,3,High,Rejected,Yes
6,Andrew Johnson,beckermanuel@yahoo.com,94^T0Gvx(A,0,1,9625baec-fe98-44c1-ad70-9b982abc1b6a,6,Joshua Zavala,onorman@singleton.com,9338540378,https://placekitten.com/763/826,0,SC,PhD,Jennifer King,(247)030-4534,Teacher,6,Biotech,5000000,3 Years,6,1,6,154419,2025-02-12,Credit Card,6,Concern against however.,Unit our free Democrat partner dream.,6,Commerce,Patrick Dixon,6,Paul Romero,cooleyjodi@shaw.org,675.409.3710x846,6,Resume,2025-01-17,/modern/trial.wav,6,Merit Scholarship,Likely site bag test decide.,500000,6,2025-01-11,6,"Carson, Garcia and Bryan",2025-01-19,0,6,Software Engineer,8 LPA,2025-01-03,Yes,No,4,Yes,95.45,50.14,27.46,2.58,1,No,12,1,Medium,Accepted,Yes
7,David Mullins,craigberry@hotmail.com,%fH*R0IoC5,0,1,8b5d636b-79b3-46ee-bffb-f888b622794d,7,Heather Morgan,hayeskaitlyn@gmail.com,(816)293-5589,https://www.lorempixel.com/958/84,0,General,High School,Eric Barnett,704-760-8353x19145,Doctor,7,Mechanical,183660,4 Years,7,0,7,159168,2025-01-26,Credit Card,7,Ever high ready food eat fund.,Arrive action them wish.,7,Science,Raven Larsen,7,Meghan Collins,mmurray@guerra.net,6068638917,7,Other,2025-01-24,/common/manage.ppt,7,Need-Based,Receive event despite church step.,28896,7,2025-01-30,7,Johnson-Neal,2025-01-15,0,7,Software Engineer,9 LPA,2025-01-15,Yes,Yes,0,No,59.83,76.37,124.67,2.63,5,Yes,19,5,Low,Waitlisted,Yes
8,Valerie Gonzalez,petersmegan@yahoo.com,nA2SLQ_rk*,1,2,6fcbe767-e88e-4d45-865d-b4e6668d2da2,8,Christopher Lambert,reynoldswendy@gmail.com,+1-616-994-8282x64554,https://placeimg.com/234/727/any,0,General,PhD,Steven Garza,(673)064-2203x84263,Other,8,Biotech,5000000,2 Years,8,1,8,10000000,2025-01-22,Net Banking,8,Apply board well world.,Skill rock mean long director where my research.,8,Engineering,Kelly Hernandez,8,Mark Rodriguez,scottkeith@gill-gregory.com,001-971-401-4862x18623,8,Resume,2025-01-30,/any/give.css,8,Need-Based,Interview house item bed.,500000,8,2025-02-02,8,"Williams, Turner and Atkins",2025-01-06,0,8,Manager,3 LPA,2025-01-24,Yes,Yes,7,No,91.54,75.41,44.8,3.89,4,Yes,11,4,Medium,Accepted,Yes
9,Patrick Freeman,paul82@hotmail.com,G$T01tOcnR,1,2,5400f1e1-f9bd-4601-906a-6ffe8c576c00,9,Alexandra Farrell,rachel34@adams.info,117-456-6214x29718,https://dummyimage.com/578x993,2,General,PhD,Monica Howard,(511)818-4871,Doctor,9,Civil,186598,3 Years,9,0,9,144413,2025-01-03,UPI,9,Brother second think much itself turn.,Serious dinner best resource.,9,Science,Brandi Booker,9,Samantha Kline,stephanie86@gmail.com,344-007-2373x0361,9,Transcript,2025-01-02,/sometimes/end.json,9,Sports Quota,Ground program win good national.,500000,9,2025-02-03,9,Roy-Aguilar,2025-01-28,1,9,Software Engineer,7 LPA,2025-01-02,Yes,No,8,No,92.32,52.4,60.54,2.22,1,No,9,1,Medium,Accepted,Yes
10,Patrick Sexton,kelsey84@yahoo.com,8Gd3+Kqs8#,0,0,1b74908c-1dd5-4dec-92a4-4437ca1271fc,10,Wesley Miller,sethadams@hotmail.com,948.500.1800x319,https://placeimg.com/1/623/any,0,OBC,PhD,Lori Jackson,(787)296-0205x6433,Doctor,10,Computer Science,5000000,2 Years,10,0,10,37263,2025-01-03,Debit Card,10,Just community American security once.,Who spend sometimes property.,10,Engineering,Judy Crawford,10,Patrick Murray,william96@hotmail.com,001-117-389-9440x87880,10,ID Proof,2025-02-09,/wrong/measure.css,10,Merit Scholarship,Ten bar receive thus office join something hit.,10225,10,2025-01-13,10,Perkins-Bailey,2025-01-29,1,10,Software Engineer,9 LPA,2025-01-23,No,Yes,7,No,96.77,51.18,47.81,3.78,2,Yes,0,2,Low,Accepted,Yes
11,Dr. Jessica Coleman DVM,zwood@gmail.com,y4wE5k(n%5,1,0,739ad853-dd77-4ff3-b52a-466c53630691,11,Paul Hernandez,jnguyen@brown.com,(193)345-0381x6793,https://www.lorempixel.com/179/200,2,OBC,PhD,Amanda White,001-350-666-2805,Other,11,Civil,89106,3 Years,11,1,11,161342,2025-01-06,Debit Card,11,Down husband seat act either almost.,White available teach act start camera hundred.,11,Engineering,Mitchell Bennett,11,Melissa Miller,annharris@hotmail.com,001-428-864-7302,11,Transcript,2025-02-12,/federal/author.ppt,11,Sports Quota,Toward owner reflect again.,41636,11,2025-01-26,11,"Watson, Reyes and English",2025-02-07,0,11,Manager,100 LPA,2025-01-10,Yes,No,3,No,70.89,56.1,65.35,3.1,2,No,8,2,High,Waitlisted,Yes
12,Ryan Rhodes,udaniels@clements-park.com,J37WRDjb%%,0,0,4ef5f1c3-d323-4b81-a2b5-3575e3f3405b,12,Hannah Vargas,hernandezadam@kelley-goodman.com,387-546-4851,https://placekitten.com/426/920,1,ST,Bachelor's,Beth Carter,001-986-305-6115,Teacher,12,Computer Science,53633,4 Years,12,1,12,53719,2025-02-06,Net Banking,12,Protect network of discussion heart.,Before address stay fear at sea brother design.,12,Arts,Misty Leach,12,Miguel King,kayla02@jones.com,001-170-182-7457x5830,12,Resume,2025-01-11,/condition/though.wav,12,Sports Quota,Look brother from particularly information stand return.,11101,12,2025-02-07,12,"Sanchez, Roberts and Miller",2025-01-31,1,12,Manager,12 LPA,2025-01-28,Yes,No,0,No,68.31,87.21,81.76,2.28,5,No,17,5,High,Waitlisted,Yes
13,Toni Pierce,ruizpatricia@gamble.net,Yeq53DJw%p,1,1,e29d73f9-11a8-44dc-aa82-ef8ad3b40ca9,13,Mary Wright,xsmith@gmail.com,(918)684-2999,https://www.lorempixel.com/114/439,2,ST,Master's,Nicole Foley,964-879-8784x5446,Teacher,13,Biotech,5000000,3 Years,13,0,13,10000000,2025-01-05,Debit Card,13,Bad bring quite response tell own address.,Suddenly itself relate magazine relationship six recognize sound.,13,Arts,Susan Spencer,13,Julie Hill,christopher60@robinson.com,162-961-6351x970,13,Resume,2025-01-26,/news/friend.jpeg,13,Need-Based,Its never after north attention speak.,500000,13,2025-01-10,13,Hawkins-Brown,2025-01-23,2,13,Software Engineer,100 LPA,2025-01-29,Yes,Yes,5,Yes,56.19,89.28,124.28,2.41,3,Yes,17,3,High,Waitlisted,Yes
14,Theresa Knight,kristinpearson@schmidt-clark.net,Bb9MUc7f5@,0,0,773beff5-3ed0-49ca-a21a-c8a5c9e12ccb,14,Chad Perkins,rcortez@yahoo.com,(899)612-2994,https://www.lorempixel.com/374/153,2,ST,PhD,Johnny Wise,353.870.3710x8767,Other,14,Computer Science,5000000,3 Years,14,0,14,10000000,2025-02-10,UPI,14,Off investment future exactly above black physical.,Medical to relationship action phone behind.,14,Commerce,Dawn Hull,14,Amanda Sparks,arthurward@yahoo.com,(884)017-0584,14,ID Proof,2025-02-03,/difficult/film.mov,14,Sports Quota,Water surface two morning share.,500000,14,2025-02-13,14,Perez-Cole,2025-02-13,2,14,Manager,100 LPA,2025-01-26,Yes,No,9,No,66.81,81.65,113.79,3.52,1,No,6,1,Medium,Rejected,Yes
15,Nathan Ellis,wilsonelizabeth@richardson.info,%!Qk$Lt@7c,1,0,12c534e9-a24b-47c2-8c10-9cfa37e9c407,15,Jordan Burton,janet98@hotmail.com,056.895.5264x3072,https://placekitten.com/782/192,0,General,Master's,Kimberly Young PhD,001-805-276-5645,Engineer,15,Electronics,135273,4 Years,15,0,15,93473,2025-02-09,Net Banking,15,Your woman effort range subject relationship.,Development way have certainly care.,15,Commerce,Cathy Pitts,15,Shannon Jacobs,cynthia52@beasley.net,+1-242-087-9284x35482,15,ID Proof,2025-02-05,/floor/particularly.pptx,15,Need-Based,Foot final just individual.,32060,15,2025-02-03,15,Ortega-Bryan,2025-02-07,2,15,Intern,100 LPA,2025-01-07,No,Yes,2,Yes,56.29,70.16,149.35,2.22,4,Yes,12,4,Low,Waitlisted,Yes
16,Jennifer Mooney DDS,griffinmichelle@hotmail.com,(49w+Vg)j7,1,2,7a2be0b0-bdde-469e-8e5b-bbf2bc7057ed,16,Zachary Boyer,woodjill@wells-jones.biz,(443)526-0854,,2,ST,PhD,Dr. Bethany Ray,998-169-3589x947,Teacher,16,Biotech,5000000,2 Years,16,0,16,10000000,2025-02-07,Debit Card,16,Shoulder reason ready.,Official wait them.,16,Engineering,Ralph Little,16,Brian Alexander,ywade@clay.com,(647)944-9267,16,Transcript,2025-02-01,/describe/think.png,16,Sports Quota,Prepare program technology.,500000,16,2025-01-30,16,Simpson-Haas,2025-01-04,1,16,Intern,12 LPA,2025-01-26,Yes,No,8,Yes,79.39,90.86,41.8,3.9,3,Yes,3,3,Low,Accepted,Yes
17,Thomas Cole,nicholas49@clark.com,%J2GCNSeH7,1,1,dba19d61-01bb-4d0b-a3a6-242a037f6771,17,Christopher Alvarado,kathycampos@hotmail.com,252.734.7823,https://placeimg.com/152/120/any,2,OBC,Bachelor's,Debra Evans,206-013-4523x0372,Engineer,17,Computer Science,5000000,3 Years,17,0,17,16031,2025-01-18,UPI,17,Front fear push doctor low recently consider the.,General knowledge clear adult reduce.,17,Engineering,Samantha Rodriguez,17,Megan Kim,andreaboyd@mclaughlin.com,001-974-506-6062,17,Resume,2025-01-14,/center/tax.jpeg,17,Sports Quota,He American church car road within.,500000,17,2025-02-03,17,Mcbride-Gilbert,2025-01-31,0,17,Data Analyst,4 LPA,2025-02-10,Yes,Yes,4,Yes,66.57,NULL,44.08,2.74,1,No,2,1,Medium,Waitlisted,Yes
18,Dennis Genn,gdennis@hotmail.com,@04Z)buRSc,0,1,6254f0f6-fbc7-473e-868f-2a9ca6507952,18,Cory Barker,mary21@smith-carlson.org,434.347.7108,https://placeimg.com/725/784/any,1,SC,Bachelor's,Michelle Hall,+1-205-896-3740x193,Business,18,Electronics,69876,3 Years,18,0,18,10000000,2025-02-02,Net Banking,18,Listen it impact value.,Another side it address later political.,18,Arts,Jacqueline Gallagher,18,Donna Warren,skennedy@guzman-crawford.biz,001-300-699-7855x32581,18,ID Proof,2025-01-25,/lead/left.wav,18,Sports Quota,Form place hit usually clear inside born.,31292,18,2025-01-06,18,Nunez PLC,2025-01-15,2,18,Data Analyst,5 LPA,2025-02-08,No,No,4,No,99.4,70.02,171.1,2.82,2,Yes,18,2,High,Accepted,Yes
19,Joshua Pearson,jenniferlogan@moyer.net,^_3rGRMk*k,1,2,b9113117-dd0f-4ca9-bf73-cf1c3b88b4d4,19,Cynthia Moore,silvakeith@robbins.com,199.303.8241,https://placeimg.com/79/683/any,1,OBC,PhD,Angela Brown,+1-678-694-2460x45927,Business,19,Computer Science,184494,3 Years,19,1,19,10000000,2025-01-29,Credit Card,19,Edge skin conference seat while agency conference.,Along song face find thought.,19,Engineering,Steve Velazquez,19,Jennifer Griffin,andersontina@yahoo.com,(890)429-2896,19,Other,2025-02-11,/federal/industry.json,19,Merit Scholarship,Deep question peace catch early dog kind.,500000,19,2025-01-31,19,"Griffin, Matthews and Peterson",2025-01-10,2,19,Software Engineer,12 LPA,2025-02-08,No,Yes,6,Yes,68.01,68.62,156.43,3.51,3,Yes,2,3,Medium,Rejected,Yes
20,John Lopez,lisapennington@yahoo.com,r!5roL6o9O,1,0,a2128ba8-b822-4776-8dd0-1077a86f7ee8,20,Daniel Griffin,jasonjackson@davis-watson.net,001-869-816-6424x1996,https://www.lorempixel.com/127/622,1,OBC,PhD,Bobby Vasquez,001-995-436-7258x44413,Other,20,Biotech,5000000,2 Years,20,0,20,163674,2025-01-21,Debit Card,20,Everyone represent grow space trade economic outside life.,On management soldier read growth participant.,20,Engineering,Rebecca Williamson,20,Alexander Taylor,zmcdaniel@chase-porter.com,(778)172-7464,20,Resume,2025-01-24,/quickly/town.mp3,20,Need-Based,Event like run spring suddenly person.,500000,20,2025-01-05,20,Bender-Harvey,2025-01-17,2,20,Data Analyst,100 LPA,2025-01-21,Yes,Yes,4,Yes,85.29,98.11,163.55,3.82,5,Yes,12,5,Medium,Rejected,Yes
21,Debra Harris,lsmith@cooper.com,%7oCLocL$D,0,0,1e5559f7-6bf2-4f4d-bb77-b82b4a9a0604,21,Andrew Ramirez,gwilliams@yahoo.com,001-416-793-3685x50123,https://placekitten.com/249/437,0,SC,Bachelor's,Wayne Romero,+1-265-226-7139,Other,21,Mechanical,5000000,2 Years,21,0,21,10000000,2025-02-03,Credit Card,21,Him prevent central name exactly forward.,Ok describe hundred last establish see.,21,Science,Kara Cortez,21,Erica Martin,luis35@yahoo.com,719.662.2148x2460,21,Resume,2025-02-12,/much/character.mp4,21,Need-Based,Including force though son hair day.,500000,21,2025-01-05,21,Wright-Cruz,2025-02-08,2,21,Data Analyst,100 LPA,2025-01-15,Yes,Yes,5,Yes,59.34,89.68,130.2,2.14,4,Yes,8,4,Medium,Waitlisted,Yes
22,Jennifer Jordan DDS,xjordan@yahoo.com,w2sr1XwU$n,0,0,b6aca3a5-fcef-43ae-a361-a6e93dc656b2,22,Bailey Guerra,scottronald@yahoo.com,5397984102,,2,OBC,Bachelor's,Jessica Savage,536.975.4822x525,Teacher,22,Electronics,5000000,3 Years,22,1,22,95761,2025-02-03,Debit Card,22,Time build until choose pay.,Behavior way between wrong arm finally customer.,22,Commerce,Catherine Miller,22,Robert Jones,dphillips@walker.biz,129.307.6230,22,Resume,2025-02-03,/wall/full.txt,22,Need-Based,Discover laugh outside cost.,500000,22,2025-01-30,22,"Reed, Martin and Hobbs",2025-01-25,0,22,Data Analyst,4 LPA,2025-01-28,No,Yes,9,Yes,69.63,87.73,174.31,3.58,1,Yes,13,1,High,Rejected,Yes
23,Anthony Vasquez,,%&AVRC#hq6,0,0,82b2c0ab-747e-4afe-a200-3ebd43e70d7d,23,Morgan Alvarado,hrichard@yahoo.com,+1-860-815-7945,https://www.lorempixel.com/503/695,0,OBC,PhD,Angela White,001-870-053-7674x2319,Engineer,23,Computer Science,123036,4 Years,23,0,23,41544,2025-01-09,Debit Card,23,Work stand should rather.,Condition sell window including.,23,Commerce,Kimberly Jordan,23,Melissa Pratt,john67@yahoo.com,270-931-3791x54292,23,Transcript,2025-02-03,/though/quite.gif,23,Need-Based,According design could it campaign.,46298,23,2025-01-27,23,Mckee Ltd,2025-01-29,0,23,Software Engineer,4 LPA,2025-01-30,No,Yes,9,Yes,55.35,99.79,139.13,3.58,1,Yes,15,1,High,Waitlisted,Yes
24,Karen Perez,caldwellbrandy@odonnell-wright.org,%29MVfSQrO,1,0,33ad196f-91fd-4b4b-927d-56419515a4e8,24,Jennifer Mitchell,hayeseric@campbell.net,804-711-3286,https://dummyimage.com/252x208,0,ST,Bachelor's,Kevin Edwards,001-409-053-1853,Other,24,Electronics,5000000,2 Years,24,1,24,36358,2025-01-15,Debit Card,24,Go environment close deep home.,That enough theory threat agency reality argue.,24,Science,Natasha Vasquez,24,William Jones,austin70@hotmail.com,(301)431-0354x5173,24,ID Proof,2025-01-16,/water/whole.jpeg,24,Sports Quota,Sell cultural physical memory season specific.,500000,24,2025-01-19,24,Holland-Contreras,2025-01-23,1,24,Manager,12 LPA,2025-02-08,No,No,7,Yes,65.38,83.12,87.84,3.51,5,No,15,5,High,Waitlisted,Yes
25,David Hopkins,janice39@gmail.com,m!!4!W5uCL,0,2,c0350f27-78e0-4148-bfb0-bc76c7efb6fd,25,Joe Patel,anitakennedy@yahoo.com,(520)036-1753,https://placekitten.com/438/734,2,SC,High School,Thomas Lewis,757.369.7616x9087,Business,25,Biotech,196067,4 Years,25,0,25,64071,2025-01-11,UPI,25,Along bag near positive else.,Study process real.,25,Engineering,Michelle Smith,25,Dennis Heath,rscott@combs-ramos.biz,577.834.9697,25,Resume,2025-01-18,/century/name.mov,25,Need-Based,Financial under guess produce face think reduce.,30807,25,2025-02-05,25,Cameron LLC,2025-01-24,0,25,Data Analyst,100 LPA,2025-02-09,Yes,Yes,7,No,82.45,96.4,53.02,2.38,0,Yes,17,0,Low,Rejected,Yes
26,Sheri Hobbs,toddchad@hotmail.com,IYGDdrhI)6,1,0,783641bb-4df4-4d77-b8eb-94389ac18191,26,David Velez,ashley15@gmail.com,+1-852-084-5528,https://placekitten.com/52/1013,0,SC,PhD,Andrew Moore,001-635-804-3911,Other,26,Biotech,69739,2 Years,26,0,26,124418,2025-01-21,Net Banking,26,She total huge us room world experience task.,Dream worker threat physical interesting.,26,Commerce,James Richardson,26,Kimberly Johnson,ycline@gmail.com,001-571-623-0840x613,26,Other,2025-01-31,/picture/inside.mp3,26,Sports Quota,Money according fund firm fly fire true.,38856,26,2025-01-12,26,"Mejia, Curtis and Ruiz",2025-02-04,2,26,Data Analyst,3 LPA,2025-02-10,Yes,No,6,Yes,92.28,57.75,113.36,2.66,4,Yes,18,4,High,Accepted,Yes
27,Raymond Hart,michaelcarrillo@yahoo.com,%#02OO^c*1,0,0,17e9a577-a362-48ef-a1cb-3ba3aee69c41,27,Dr. Cynthia Johnson,ucopeland@hotmail.com,(010)560-4550x843,https://www.lorempixel.com/57/1021,2,General,Master's,Audrey Price,319.372.4275,Engineer,27,Civil,5000000,2 Years,27,0,27,10000000,2025-02-06,Credit Card,27,Never race available inside their country easy.,Their law fact although individual threat role.,27,Arts,Charles Clark,27,Jennifer Barnes,campbellcynthia@shaffer.com,001-882-446-2749,27,Other,2025-02-01,/group/deep.avi,27,Need-Based,East mean sea over lead.,30695,27,2025-01-14,27,Strong Ltd,2025-01-13,0,27,Software Engineer,100 LPA,2025-01-18,No,No,9,Yes,96.14,51.04,116.78,3.43,2,Yes,7,2,Medium,Rejected,Yes
28,,ikoch@johnson-wilson.com,K1sl3sJj@Q,0,0,2f6e7847-e753-43b4-aa87-e41199550576,28,Darrell Bailey,nathanarmstrong@gmail.com,+1-570-605-3182x64150,https://placeimg.com/16/40/any,1,General,PhD,Richard Stout,+1-051-004-3936x43520,Business,28,Electronics,5000000,2 Years,28,0,28,10000000,2025-02-11,Debit Card,28,Son somebody child tonight.,Market civil fire reason factor exist.,28,Engineering,Roger Richardson,28,Tricia Patel,ctapia@collins.com,2021816734,28,Other,2025-01-12,/cup/whether.wav,28,Sports Quota,New lawyer market those a bank mean knowledge.,500000,28,2025-02-08,28,Reed-Herman,2025-01-07,1,28,Data Analyst,5 LPA,2025-01-20,Yes,No,3,No,85.87,80.41,65.02,2.21,4,Yes,10,4,Medium,Waitlisted,Yes
29,Robert Winters,thomas16@yahoo.com,6tj0WpW^)d,1,1,34f2b6e3-3f95-4aaf-996c-e9bf8fb5dfb0,29,Daniel Reed,martinezandrea@hotmail.com,944.207.8207,https://placeimg.com/388/256/any,1,General,Bachelor's,Ronnie Williams,748-313-7301x9200,Engineer,29,Mechanical,141463,2 Years,29,1,29,110934,2025-01-14,Net Banking,29,Time night if center summer power name.,Human we name law with camera.,29,Commerce,Alan Gould,29,William Herrera,sharon49@bell.com,4279249788,29,Transcript,2025-02-09,/she/charge.wav,29,Sports Quota,You box deep some court word cost.,500000,29,2025-02-01,29,"Tapia, Alvarez and Bradley",2025-01-30,1,29,Data Analyst,100 LPA,2025-02-09,No,No,8,Yes,97.75,93.94,37.41,2.92,5,No,11,5,Medium,Rejected,Yes
30,Brent Crawford,antoniorobinson@lee-briggs.com,224^kVsN&Q,1,2,a8201162-9052-4db9-a494-0c53bcb43696,30,Brian Jones,matthewbailey@buckley-harmon.net,416-751-3654x35460,,1,SC,Bachelor's,Jessica Bradford,+1-997-269-3648,Engineer,30,Mechanical,135289,2 Years,30,1,30,10000000,2025-01-12,Net Banking,30,Group home fact rock color agent.,Them best move eat.,30,Arts,Brittney Hernandez,30,Harry Cox,juan00@yahoo.com,+1-899-636-6668x30146,30,Other,2025-02-11,/agreement/night.wav,30,Need-Based,Movie national hard range security modern start.,500000,30,2025-01-29,30,Santos-Baldwin,2025-02-12,2,30,Intern,100 LPA,2025-01-28,No,No,5,Yes,91.05,87.28,145.71,2.17,2,No,17,2,Low,Rejected,Yes
31,William Klein,schoi@beck-taylor.org,%@i$p0PfjN,0,1,d78b5dd2-fbeb-4fda-abe2-b5b60b6efe62,31,Robin Fletcher,philip74@morrison-green.info,396.392.7971,,1,OBC,Master's,Richard Colon,668.572.4708,Business,31,Computer Science,5000000,3 Years,31,1,31,10000000,2025-01-10,Credit Card,31,Two heavy wall loss war card here.,Consumer activity view sea two country.,31,Science,Kellie Nunez,31,Heather Guerra,sharpmikayla@warren.net,001-002-443-0551x6126,31,Transcript,2025-01-29,/land/one.json,31,Sports Quota,Mouth per reality.,18113,31,2025-02-06,31,Davis-Manning,2025-01-28,0,31,Intern,11 LPA,2025-01-16,No,No,1,Yes,79.31,0,101.39,2.72,2,No,12,2,Low,Rejected,Yes
32,Angela Lawson,matthew43@hotmail.com,(+7JGtSjE7,1,0,4066bd66-b235-4d29-8ee9-c75d541129d7,32,Laura Foster,russelldickson@morales.net,871.750.4797,https://placekitten.com/478/153,2,OBC,High School,Mrs. Ashley Obrien DVM,929.610.7757x688,Business,32,Biotech,5000000,3 Years,32,1,32,10000000,2025-01-24,Debit Card,32,Right to start term home.,Before hotel actually involve mention decision time life.,32,Commerce,Melissa French,32,Victoria Harris,sanchezjames@hanson.biz,(622)767-8514x914,32,ID Proof,2025-02-08,/approach/reason.mov,32,Merit Scholarship,Sense billion happy above.,47224,32,2025-01-03,32,"Oconnor, Hansen and Ross",2025-02-10,2,32,Data Analyst,10 LPA,2025-01-03,No,No,5,Yes,91.02,90.99,107.33,2.9,5,No,4,5,Low,Waitlisted,Yes
33,Nicole Miller,dandersen@powell-robertson.com,_Mm86OxyCM,0,0,1747e3e6-5ef5-4ea6-8396-2e75b4a46736,33,George Logan,bushdennis@harris-owen.com,+1-749-061-4813x340,https://placeimg.com/1006/550/any,2,ST,High School,Sabrina Madden,001-101-281-6018,Doctor,33,Computer Science,5000000,3 Years,33,1,33,127693,2025-01-26,Net Banking,33,Less sure case own long late.,Garden brother stop house tough front.,33,Commerce,Rhonda Simmons,33,Christopher King,michelle37@hotmail.com,519.988.9031x55944,33,Resume,2025-01-14,/nor/represent.tiff,33,Need-Based,Election institution education read inside set.,500000,33,2025-01-17,33,Ingram Group,2025-01-29,2,33,Intern,100 LPA,2025-01-31,No,No,9,Yes,85.13,73.6,44.3,3.38,4,Yes,10,4,Low,Waitlisted,Yes
34,Sylvia Nicholson,melissa13@cook-curry.com,Gk72OrBJg+,0,0,15f6b1a8-5f8a-4d1c-bdfb-331c0dd9cad6,34,Patrick Cruz,rodriguezjoy@hotmail.com,001-347-231-3669x66900,https://placeimg.com/1023/466/any,1,SC,PhD,Shirley Howard,1548075665,Engineer,34,Computer Science,72417,2 Years,34,0,34,10000000,2025-02-07,Credit Card,34,Night help political race throughout four consider.,Sometimes argue since.,34,Science,Alicia Horne,34,Joseph Johnson,mooneyjamie@turner-garcia.org,+1-096-646-5269x83600,34,ID Proof,2025-02-06,/tonight/avoid.avi,34,Sports Quota,Father lawyer condition explain.,31978,34,2025-02-06,34,"Davis, Simpson and Allen",2025-01-17,2,34,Intern,4 LPA,2025-02-02,No,Yes,1,Yes,98.94,84.97,76.51,3.12,4,No,2,4,Low,Accepted,Yes
35,Maria Rasmussen,tgarza@wright.com,MPkM9cOrK+,0,1,99a5fe20-4d32-42a9-afb7-655243adf5e1,35,Chelsea Fields,hughesxavier@hotmail.com,(592)802-9099x599,https://dummyimage.com/505x180,0,SC,High School,George Byrd,412.515.0529x5293,Business,35,Civil,5000000,3 Years,35,0,35,10000000,2025-01-17,Net Banking,35,Plant happen around quality wrong.,Detail reflect certain material also will.,35,Science,Timothy Robbins,35,Micheal Baldwin,smiranda@ayers-fisher.net,001-160-655-7264x23365,35,ID Proof,2025-01-29,/must/take.webm,35,Merit Scholarship,Wind and parent movie raise class.,38717,35,2025-02-12,35,Young LLC,2025-02-10,0,35,Data Analyst,100 LPA,2025-01-11,Yes,Yes,8,Yes,75.06,79.09,65.66,3.37,2,No,7,2,High,Rejected,Yes
36,Ryan Peterson,evan06@key.net,)40rfM9a($,0,1,7b531b86-3aad-4241-9721-05103bda8e53,36,Gregory Bush,allenrobert@flowers-quinn.com,657-402-9073x87306,https://dummyimage.com/538x134,1,OBC,PhD,Charles Todd,+1-255-642-1975x67421,Business,36,Electronics,143073,4 Years,36,0,36,131446,2025-01-15,Credit Card,36,Material want project friend.,Reality police statement light card.,36,Arts,Angela Leonard,36,John Mooney,smithjessica@schultz.org,267-727-3446x97394,36,Transcript,2025-01-05,/idea/draw.xlsx,36,Sports Quota,Although too of business open offer.,500000,36,2025-02-02,36,"Gregory, Bowers and Campbell",2025-01-24,1,36,Intern,100 LPA,2025-01-05,No,Yes,,No,88.39,95.36,130.47,2.32,4,No,13,4,Low,Rejected,Yes
37,Joseph Williams,michellemaxwell@larson.com,+pa9RkJI^4,1,0,f52e3c58-6b87-4a6f-9449-3fc46596ecd6,37,Monica Davis,burnsanita@gmail.com,711.366.1683x407,https://www.lorempixel.com/699/697,2,OBC,Bachelor's,Kevin Potts,644-578-0825,Business,37,Electronics,162993,3 Years,37,0,37,133932,2025-01-05,Debit Card,37,Find agent everyone these energy.,Control nothing pretty challenge people parent.,37,Commerce,Steven Garner,37,Jason West,rubioapril@yahoo.com,+1-229-339-3907x871,37,Transcript,2025-01-18,/almost/challenge.html,37,Merit Scholarship,Else six appear able ask dark almost.,500000,37,2025-01-05,37,Lin PLC,2025-01-02,0,37,Data Analyst,100 LPA,2025-01-22,No,Yes,4,Yes,85.21,63.01,55.82,3.63,0,Yes,15,0,Medium,Rejected,Yes
38,Mr. Sean Greene,martinrichard@yahoo.com,F84BAXfN(f,1,2,cbc9330b-de21-4484-a97c-b51837a21ca7,38,Allen Butler,john84@gmail.com,+1-021-898-9539,https://placeimg.com/120/979/any,2,SC,Bachelor's,Kathy Flores,+1-270-654-0910x91909,Engineer,38,Mechanical,85196,2 Years,38,1,38,10000000,2025-01-06,Debit Card,38,Skill add various computer subject series.,Live sort training capital detail.,38,Engineering,Dr. Alicia Cooper MD,38,April Whitney,darleneschultz@gmail.com,197-586-2727,38,Resume,2025-01-01,/enter/direction.avi,38,Sports Quota,Paper different director.,500000,38,2025-01-02,38,Houston LLC,2025-01-04,0,38,Manager,100 LPA,2025-02-05,Yes,Yes,5,Yes,66.11,63.29,47.18,2.55,1,No,14,1,Medium,Rejected,Yes
39,,yorktyler@gibson.com,8@y8RHTDDh,1,2,e7be91e8-9f44-4bc1-a352-555920db0ae9,39,Kurt Murphy,matthewshaffer@lopez.com,619.657.0099x7539,https://placeimg.com/423/65/any,0,OBC,Bachelor's,Emily Hill,916500854,Teacher,39,Civil,171359,3 Years,39,0,39,10000000,2025-01-08,Net Banking,39,Current indicate resource before hotel.,Shoulder these kitchen beat.,39,Science,William Stafford,39,Sheena Doyle,scott88@brown.com,+1-550-324-6324x2329,39,ID Proof,2025-01-24,/goal/cup.pages,39,Merit Scholarship,Call heart major deep strong.,500000,39,2025-01-16,39,"Mills, Nichols and Costa",2025-02-06,1,39,Software Engineer,100 LPA,2025-01-27,No,Yes,6,No,96.54,89.03,182.75,3.07,0,No,2,0,Medium,Accepted,Yes
40,Nathan Villarreal,williamskristina@gmail.com,Q@@s4JPDsl,0,1,c15bcbc7-2fb4-49a6-80e7-1b99c6162c6c,40,Lauren Brown,dmartin@yahoo.com,486.129.6096,,0,OBC,PhD,Morgan Davis MD,+1-481-149-0414,Teacher,40,Computer Science,5000000,2 Years,40,1,40,10000000,2025-01-04,Net Banking,40,Nor item food sort condition teacher fire available.,Computer eat consumer try student.,40,Science,Christopher Ray,40,Michelle Mitchell,arusso@yahoo.com,9794786622,40,Transcript,2025-02-10,/beyond/both.wav,40,Sports Quota,Commercial remember leader practice style five.,38213,40,2025-01-27,40,Brown Ltd,2025-01-25,0,40,Data Analyst,11 LPA,2025-01-20,No,Yes,9,Yes,61.3,85.89,44.25,2.45,5,No,12,5,Low,Accepted,Yes
41,Mrs. Jasmine Beltran DVM,okirby@foster.com,*ZtRFnv@+1,1,0,7db64d49-acd3-4b6f-8b4e-159448bba49c,41,Christopher Allen,kathleengonzalez@hotmail.com,001-249-737-5182,https://placeimg.com/558/620/any,1,OBC,Bachelor's,Laura Mendoza,319-881-3272x15334,Teacher,41,Biotech,103147,3 Years,41,0,41,10000000,2025-02-11,Credit Card,41,Somebody similar senior accept who well do.,Heart production wide wear anything people student.,41,Science,Christopher Kramer,41,Michael Scott,timothy76@kennedy.biz,001-843-266-9472,41,Other,2025-01-30,/take/back.wav,41,Merit Scholarship,Pattern small drug green same person marriage really.,500000,41,2025-01-09,41,"Hall, Buck and Allen",2025-02-01,1,41,Data Analyst,100 LPA,2025-01-18,No,No,3,Yes,61.1,NULL,140.31,3.21,4,No,15,4,Low,Waitlisted,Yes
42,Jessica Camacho,yharrison@yahoo.com,TOz3XJjlD(,0,0,aae3f858-28cc-4500-a721-de30bae4858b,42,Kyle Stanley,jordanbarbara@anderson-ramos.info,499-752-2079,https://placeimg.com/197/584/any,2,OBC,PhD,Angel Hamilton,(032)207-1911,Business,42,Civil,94835,4 Years,42,1,42,69616,2025-01-13,UPI,42,Build lose age score close relationship.,Lot sister wind significant.,42,Arts,Kim Ponce,42,Mrs. Brandy Warren,szuniga@yahoo.com,632-862-6848x04850,42,ID Proof,2025-01-08,/they/follow.wav,42,Sports Quota,Capital billion by name at.,45709,42,2025-01-14,42,"Wells, Cannon and Turner",2025-02-03,1,42,Intern,3 LPA,2025-01-11,Yes,Yes,6,No,89.12,86.19,98.82,3.38,1,Yes,10,1,Medium,Accepted,Yes
43,Nancy Mcknight,davidstevenson@yahoo.com,gd!1JnR%EL,1,1,b8728dd5-3f1c-4594-a02e-7e17355e69e4,43,Mr. Alex Hernandez II,maria54@gmail.com,284.864.1138,https://placekitten.com/349/113,2,OBC,Master's,James Brown,(202)962-0367,Other,43,Biotech,99949,4 Years,43,0,43,10000000,2025-01-12,Debit Card,43,Democratic maintain medical risk.,Peace coach everything both far building maintain improve.,43,Science,Kathryn Lewis,43,Autumn Hester,seanhuang@gmail.com,+1-085-166-1153x460,43,ID Proof,2025-02-01,/arm/responsibility.mp4,43,Merit Scholarship,Next project star position individual same deep.,500000,43,2025-02-10,43,Hess Ltd,2025-02-10,2,43,Software Engineer,100 LPA,2025-01-02,No,No,6,Yes,65.15,74.46,101.44,2.11,0,No,4,0,High,Waitlisted,Yes
44,Christina Arnold,meyerdarlene@yahoo.com,L@L1zDzdqQ,1,1,25050de4-cdca-4351-a3e7-4b1fa2c68c23,44,Joseph Davis,tuckerstephanie@yahoo.com,(117)651-0292,https://placekitten.com/149/1023,2,General,Master's,Daniel Smith,026-271-3401x80354,Other,44,Mechanical,166907,4 Years,44,1,44,37133,2025-01-16,Net Banking,44,Least case line family she fill party.,Garden quality now evening parent.,44,Commerce,Angel Tucker,44,Amanda Green,rwilliams@hotmail.com,(780)820-3607x99023,44,Resume,2025-01-31,/fall/charge.tiff,44,Sports Quota,Range thing lead policy direction degree.,42296,44,2025-02-11,44,Hamilton-Haas,2025-01-23,0,44,Software Engineer,100 LPA,2025-01-26,Yes,No,3,Yes,77.04,95.59,152.21,2.4,4,No,8,4,Low,Accepted,Yes
45,,reedgeorge@yahoo.com,D(c2rKHpaW,1,0,fa1533b2-9464-4ccf-92b3-98f890dce50b,45,Rachel Oconnell,johnpetty@hotmail.com,270.683.9136x4071,,2,ST,High School,Kevin Hoffman,607.586.1244,Other,45,Electronics,83913,4 Years,45,0,45,10000000,2025-01-07,Debit Card,45,Within production training suffer computer foreign join beyond.,There stay guess and.,45,Science,Diane Ryan,45,Felicia Lindsey MD,tina68@young.com,277.492.2355x671,45,Other,2025-02-05,/provide/report.png,45,Merit Scholarship,Home forget land might far.,500000,45,2025-01-02,45,Munoz Ltd,2025-02-10,1,45,Intern,100 LPA,2025-01-23,No,Yes,0,No,81.71,65.25,56.53,3.53,1,Yes,15,1,Medium,Rejected,Yes
46,Mitchell Baker,richard66@hotmail.com,%88BiA!@Kk,1,0,603c4cbd-ba2e-485e-9ff4-6378baa5bc34,46,Barbara Sanders,matthew20@yahoo.com,001-254-030-2159x8569,https://dummyimage.com/472x644,2,ST,PhD,Michelle Gonzalez,(818)008-1569x89782,Business,46,Computer Science,60717,2 Years,46,1,46,10000000,2025-01-26,Net Banking,46,Not sit back receive actually will.,Budget professor fact star future same draw.,46,Science,Robert Carr,46,Dawn Mack,jeremy30@sanchez.com,068.395.8931x6829,46,ID Proof,2025-01-12,/truth/join.mp3,46,Need-Based,Current past her little.,500000,46,2025-02-13,46,Lyons PLC,2025-01-01,0,46,Intern,9 LPA,2025-01-23,Yes,Yes,9,Yes,84.32,79.42,124.03,2.54,3,Yes,5,3,Low,Accepted,Yes
47,Laura Hall,jacobburgess@bennett-rodgers.com,$qdYEmqg9W,0,2,4b2e2471-f341-4b61-a8ed-3c4b727eb611,47,Mr. Brent Moore,tracywilson@schultz.net,+1-460-837-2022x13386,https://placekitten.com/188/195,0,OBC,High School,Stephanie Garcia,001-162-862-5289,Business,47,Civil,161886,2 Years,47,0,47,10000000,2025-01-28,Credit Card,47,Skill perform young current big.,Movement inside measure them.,47,Arts,Christina Williams DDS,47,Dr. Heather Thomas,tdowns@hotmail.com,777-899-0999x44090,47,Resume,2025-02-05,/buy/scientist.mp4,47,Sports Quota,Challenge for onto federal care machine reveal leave.,33287,47,2025-01-04,47,"Clark, Wilkins and Lopez",2025-01-09,0,47,Software Engineer,100 LPA,2025-02-05,No,No,7,No,71.01,84.5,136.46,3.29,4,Yes,1,4,Medium,Rejected,Yes
48,Andre Fisher,landerson@mcpherson-thornton.com,XX7WuRAj%z,1,2,ed9c57c7-b70d-46b6-9cb7-89e67830ff96,48,Diane Collins,dariusray@hotmail.com,336.318.3425,https://dummyimage.com/150x775,1,General,PhD,Erica Moon,(651)950-7189x38199,Other,48,Electronics,5000000,2 Years,48,1,48,10000000,2025-02-05,UPI,48,Indicate to pretty end up best home.,Technology power staff window break treatment new.,48,Arts,Glenn Acevedo,48,Joshua Russo,jillianfinley@gmail.com,444-343-9779x07698,48,ID Proof,2025-01-20,/message/democratic.bmp,48,Need-Based,Appear tough story officer world often.,41664,48,2025-01-06,48,Alvarado PLC,2025-01-22,1,48,Manager,100 LPA,2025-01-17,Yes,No,3,Yes,96.53,83.61,131.68,2.94,3,No,0,3,Medium,Rejected,Yes
49,Paul Anderson,loriallen@parks-lynch.org,QdO#0T7o)h,0,0,01cf849a-d482-46cb-b436-05fc0bb3b802,49,Joseph Clark,kjoyce@santiago-myers.org,+1-563-142-0172,https://placeimg.com/628/605/any,0,ST,PhD,Cynthia Stephenson,487.949.6068x042,Engineer,49,Biotech,190316,2 Years,49,1,49,155961,2025-01-15,Debit Card,49,And own significant use others social.,Plant out all international strong guess.,49,Commerce,Dr. Luis Reilly,49,Mrs. Melissa Ramsey,navarrojacob@blanchard.com,6973630575,49,Resume,2025-01-12,/whatever/role.css,49,Need-Based,Film accept for letter new news.,500000,49,2025-01-31,49,"Perry, Hall and Gaines",2025-01-27,1,49,Software Engineer,100 LPA,2025-02-02,Yes,Yes,0,Yes,86.62,98.44,187.57,3.44,2,No,14,2,Medium,Accepted,Yes
50,Kimberly Chang,brownbrenda@gmail.com,hA4BtCzwS!,1,2,d9b3e898-bc51-445a-81a0-a42a2a08c233,50,Kerri Mejia,alyssa16@jones-garcia.com,001-944-300-2672x5238,https://www.lorempixel.com/570/197,0,SC,High School,Timothy Peck,001-208-988-3205x58048,Other,50,Civil,5000000,2 Years,50,0,50,10000000,2025-01-02,Net Banking,50,Then until everyone election tax.,Part him language smile.,50,Commerce,Alyssa Austin,50,Michelle Davis,lisaroberts@smith.com,(956)920-0543x1594,50,ID Proof,2025-01-24,/send/buy.flac,50,Merit Scholarship,Environmental strategy candidate.,42448,50,2025-01-20,50,Mcdonald LLC,2025-01-22,2,50,Intern,100 LPA,2025-01-19,No,No,3,No,89.35,52.15,191.39,2.97,5,Yes,10,5,High,Accepted,Yes
51,Thomas Miller,gkelley@yahoo.com,Q3PX+fzS&5,1,1,aa2050ae-c1c4-42ad-8f88-e979964ac70c,51,Timothy Johnson,janicewood@yahoo.com,001-504-973-1397x1259,https://dummyimage.com/235x672,1,SC,High School,Benjamin Delacruz,527.212.4663,Doctor,51,Electronics,5000000,3 Years,51,0,51,52206,2025-01-21,Debit Card,51,Impact military today about her.,Plant include worker according key sit.,51,Arts,Annette Hayes,51,Taylor Clark,michellemcbride@gmail.com,4287465897,51,Other,2025-02-01,/religious/specific.mp3,51,Sports Quota,Hour program line interest.,21339,51,2025-02-02,51,Johnson-Wiley,2025-01-30,2,51,Software Engineer,10 LPA,2025-01-31,No,Yes,4,No,91.08,86.65,9.14,3.64,4,Yes,16,4,Medium,Rejected,Yes
52,Rachel Washington,qhanson@alvarez-sanchez.com,vU3FBGrT@c,1,0,efacf6b2-732e-4db2-9cb0-7e3bb993f382,52,Helen Curry,michael90@yahoo.com,001-373-303-3083x1811,https://placekitten.com/550/599,1,OBC,High School,Jeffrey Clark,7516349202,Teacher,52,Computer Science,66726,3 Years,52,0,52,10000000,2025-01-10,Credit Card,52,Standard loss agency century.,Bit politics small single save it.,52,Engineering,David Clark,52,Jade Cunningham,mitchelljulia@gmail.com,665.497.9378x297,52,Transcript,2025-01-31,/sit/board.mov,52,Sports Quota,Theory ever thought catch.,31195,52,2025-02-10,52,Schmidt Group,2025-01-04,2,52,Manager,100 LPA,2025-01-30,No,No,6,Yes,95.8,76.4,179.72,3.19,0,Yes,8,0,High,Waitlisted,Yes
53,Robert Richard,izavala@yahoo.com,!V&3_ZTx7i,0,0,4f89c449-e5d4-4393-9a2d-f60433436c51,53,John Price,nicoleflowers@mitchell.com,282.980.5420x197,https://dummyimage.com/597x639,1,ST,Master's,Christopher Lopez,4347622526,Teacher,53,Civil,5000000,2 Years,53,0,53,10000000,2025-02-09,Credit Card,53,Media trial project occur answer together product.,Analysis light light continue than answer.,53,Engineering,Brian Conley,53,Lori Taylor,lcunningham@kline.com,+1-280-385-4973x7194,53,Transcript,2025-01-08,/popular/consumer.pdf,53,Merit Scholarship,Prevent how specific seem get add.,47239,53,2025-01-25,53,Miller-Adams,2025-01-25,2,53,Intern,9 LPA,2025-01-29,No,No,4,No,51.5,95.73,172.49,3.67,4,Yes,14,4,High,Accepted,Yes
54,Victoria Mcintyre,msullivan@yahoo.com,6mQ8Nci_#7,1,2,cb3051d3-74e9-48f0-96ae-289809fb8b77,54,Jason Thomas,umatthews@yahoo.com,+1-898-451-2864x251,https://dummyimage.com/952x647,0,OBC,PhD,Nathaniel Cook,3248479219,Doctor,54,Civil,5000000,3 Years,54,0,54,135847,2025-01-10,Debit Card,54,Up vote his appear three adult increase.,Become including truth change television local white.,54,Science,Lindsey Hicks,54,Monica Peters,james66@obrien-sanchez.com,486.301.4319,54,Other,2025-02-12,/thus/career.gif,54,Need-Based,Race consumer official career product attorney.,48251,54,2025-01-02,54,"Norton, Bradley and Johnson",2025-01-17,0,54,Software Engineer,100 LPA,2025-01-20,Yes,Yes,6,Yes,60.63,55.6,102.02,2.11,2,Yes,7,2,High,Waitlisted,Yes
55,Patricia Cuevas,,J_K2WcMo*i,0,0,42b80cb2-c9f7-4816-bdf8-418d80053cc9,55,George Powers,mhendricks@adams.biz,830.670.3446,https://placekitten.com/814/425,2,ST,High School,Priscilla Mason,(151)767-7637x5496,Other,55,Civil,70566,3 Years,55,0,55,186343,2025-02-13,UPI,55,Suggest create report have partner.,You cultural space out.,55,Science,Christopher Smith,55,Matthew Mcintyre,jacobsolis@lane.biz,(045)962-2704,55,Resume,2025-02-08,/because/she.js,55,Sports Quota,West science local lose matter run fish.,33686,55,2025-01-12,55,Liu PLC,2025-01-21,0,55,Data Analyst,3 LPA,2025-02-11,Yes,Yes,4,Yes,55.54,79.32,19.78,2.06,4,Yes,11,4,Low,Accepted,Yes
56,Kim Williams,zacharymaxwell@anderson.com,o^7EmoPOu#,1,1,e81f7d09-42b4-4bc8-8dfc-ccae8f50e45d,56,Tara Mason,clarkrussell@hotmail.com,(419)889-1606x632,https://dummyimage.com/353x729,1,ST,Bachelor's,April Williams,825-745-7666,Other,56,Electronics,5000000,2 Years,56,0,56,10000000,2025-01-11,Net Banking,56,Push deep clearly investment miss.,Similar than along carry perhaps.,56,Engineering,Diana Melton,56,Erica Hendrix,michelle78@thomas.com,(473)643-0697,56,Resume,2025-01-03,/another/want.pdf,56,Sports Quota,Wrong take special finally body law group.,31423,56,2025-01-29,56,Yoder-Moreno,2025-02-08,0,56,Intern,12 LPA,2025-02-07,No,Yes,9,Yes,57.8,92.95,152.4,3.54,2,Yes,19,2,Medium,Waitlisted,Yes
57,Ryan Nguyen,snowmark@yahoo.com,1n5Tp@^l*u,1,1,11271957-8adf-4455-92e8-9032260298bc,57,Dorothy Miller,yrogers@wright.biz,001-196-606-0971x9694,https://placeimg.com/660/311/any,1,SC,Master's,Abigail Boyle,819.385.9646x903,Engineer,57,Mechanical,86557,3 Years,57,1,57,10000000,2025-01-09,Net Banking,57,Us weight manager tough a help.,Blue place throw ahead.,57,Arts,Christina James,57,Stephen Price,alexis94@moore.com,+1-479-408-2380x496,57,Resume,2025-02-09,/nor/give.jpg,57,Sports Quota,Join believe tree class.,30886,57,2025-02-13,57,Murray-Blair,2025-02-04,2,57,Manager,100 LPA,2025-02-02,Yes,No,5,No,99.94,97.31,107.33,2.32,0,No,8,0,Medium,Accepted,Yes
58,James Payne,robert10@hotmail.com,X#5QBSh$gC,0,2,5034f7ee-b5ad-4035-841e-b5aeab3571c1,58,Michael Ramos,keith87@mack-white.com,985.445.0434,https://placekitten.com/897/714,1,OBC,High School,Matthew Jackson,7524171419,Business,58,Computer Science,179918,3 Years,58,1,58,10000000,2025-02-12,Net Banking,58,Medical much people agent cultural over marriage often.,Toward value feeling send record.,58,Commerce,Ralph Bennett,58,Justin Morrison,cwoodard@gilbert.info,(637)913-1308x401,58,ID Proof,2025-01-26,/speak/positive.webm,58,Need-Based,Same however second tend fish above go always.,21075,58,2025-02-11,58,Miller LLC,2025-01-19,1,58,Software Engineer,100 LPA,2025-02-06,No,Yes,,No,86.82,95.72,178.03,3.99,5,Yes,2,5,Low,Rejected,Yes
59,Matthew Randall,allison53@yahoo.com,!5jf*tEu72,0,1,003edb9d-b3e4-49f8-acce-23846af87916,59,Rebekah Carroll,sheppardwilliam@yahoo.com,451-122-1257,https://dummyimage.com/363x99,0,OBC,PhD,Amy Richardson,453.613.8964x0155,Other,59,Electronics,5000000,2 Years,59,0,59,53126,2025-01-30,Net Banking,59,Behavior account public event build else heavy.,Throw major quality realize service.,59,Engineering,Emily Bailey,59,Austin Savage,jenniferosborne@sanchez.biz,(248)819-6104x222,59,ID Proof,2025-01-15,/laugh/college.ppt,59,Need-Based,Community important condition.,48221,59,2025-02-06,59,Wright Inc,2025-02-06,1,59,Software Engineer,11 LPA,2025-02-11,No,Yes,6,No,54.62,89.03,24.02,3.33,4,Yes,1,4,Medium,Waitlisted,Yes
60,Donna Nguyen,amanda69@yahoo.com,8JR5QQ#y!4,0,2,22833636-9981-47e7-8e0e-eb46bd441e7c,60,Clinton Nelson,dbonilla@hotmail.com,698-116-1790x65253,https://www.lorempixel.com/2/270,0,SC,PhD,Jeremy Anderson,(186)190-1121x442,Business,60,Mechanical,130774,2 Years,60,1,60,22664,2025-01-22,UPI,60,Recognize ever cut blood issue.,Hotel which remain white.,60,Engineering,Angel Horn,60,Brianna James,gamblemelanie@yahoo.com,001-264-096-4398x55263,60,Resume,2025-01-15,/character/customer.webm,60,Need-Based,Strategy reflect dark onto.,37756,60,2025-01-14,60,Barnes Inc,2025-02-08,0,60,Software Engineer,100 LPA,2025-01-18,No,No,7,No,94.62,75.91,67.42,3.74,4,No,2,4,Low,Rejected,Yes
61,Jill Rodriguez,deannadudley@hotmail.com,y7(1ZpnyR),0,1,2b2bc276-1164-4e0c-bd52-b0bf62d342d0,61,Shawn Gaines,heather55@sexton.com,001-384-419-5359x771,https://placeimg.com/908/219/any,1,ST,High School,Marcia Mcgee,554-023-0563,Doctor,61,Civil,5000000,4 Years,61,0,61,10000000,2025-01-11,Net Banking,61,Few would democratic example debate control.,Upon moment break.,61,Engineering,Kathy Clark,61,Jeff Carrillo Jr.,smithshelly@hotmail.com,(801)177-8767x5882,61,Transcript,2025-01-03,/serve/method.doc,61,Merit Scholarship,Brother southern you fast this name.,44996,61,2025-01-18,61,"Carter, Baker and Carroll",2025-01-22,2,61,Data Analyst,100 LPA,2025-01-30,Yes,No,5,No,65.28,79.11,42,2.29,3,No,6,3,Medium,Accepted,Yes
62,Jessica Barnes,jeffreyeaton@martin-fowler.com,mSG#9Gso93,0,0,b4f298bb-5e44-4072-8790-40593d7ff79e,62,Jeffery Cunningham,matthewsmith@yahoo.com,001-658-983-6957,,2,OBC,Bachelor's,Brandy Martinez,(422)106-1369x7348,Business,62,Mechanical,5000000,3 Years,62,0,62,10000000,2025-01-14,Net Banking,62,Expect decade girl leave seven poor accept box.,Not theory already ago book across wife dark.,62,Engineering,Stephen Powell,62,Anthony Bass,laura72@perry-velez.com,650-376-1032x31824,62,Resume,2025-01-21,/it/control.css,62,Merit Scholarship,Note deal us do successful.,500000,62,2025-02-08,62,"Johnson, Garza and Scott",2025-02-05,2,62,Intern,100 LPA,2025-01-20,No,Yes,,Yes,72.41,80.93,108.53,3.8,1,Yes,2,1,Low,Rejected,Yes
63,Charles Miller,gordonanthony@gmail.com,qxQFtpXQ#0,1,0,d7a88f6b-bbd5-4e7c-b53c-9b8ff7208c26,63,Robert Douglas,roger23@yahoo.com,001-289-445-4761x909,https://placeimg.com/605/871/any,2,ST,High School,Lisa Ellis,092.228.8778x0512,Business,63,Biotech,5000000,2 Years,63,1,63,23077,2025-02-09,UPI,63,Individual baby hand option your ask.,Minute development evening bit group.,63,Engineering,Rebecca Franco,63,Barbara Flores,brittanybauer@evans.com,(262)247-9519x3091,63,Transcript,2025-02-13,/worry/bank.js,63,Merit Scholarship,One training significant several.,500000,63,2025-02-05,63,Howard Group,2025-01-28,1,63,Manager,100 LPA,2025-01-07,No,No,4,Yes,60.25,54.85,125.08,3.33,0,Yes,17,0,Medium,Rejected,Yes
64,Joseph Decker,vwashington@collier.com,(1I&Z9bWgr,0,2,0c5f5e60-a853-4e23-aba3-034a0156128c,64,Raymond Hodges,andreaburgess@miller.com,390.667.1657,https://placekitten.com/970/221,1,OBC,Master's,Roy Hall,001-175-693-9399x898,Other,64,Electronics,180600,2 Years,64,0,64,10000000,2025-01-23,Net Banking,64,Marriage million student respond TV participant recognize.,Alone role action.,64,Science,David Shaffer,64,Christina Ruiz,ldominguez@walker.info,+1-460-918-8703x3116,64,Transcript,2025-01-22,/education/read.js,64,Sports Quota,War whatever pattern responsibility run book dinner.,48169,64,2025-01-09,64,Montgomery-Miles,2025-01-04,2,64,Manager,8 LPA,2025-02-04,Yes,No,3,No,95.31,73.98,98.08,3.56,1,No,2,1,Medium,Waitlisted,Yes
65,William Vance,vbraun@gonzalez.info,!uRLu2!)^2,0,0,c19b3ca7-f68e-44d7-8c8e-e0ee3953cec9,65,Christopher Hernandez,christinaarmstrong@cummings-mason.com,(168)527-5912,https://placekitten.com/146/10,0,ST,Bachelor's,Johnny Kim,+1-276-240-6004x5328,Business,65,Biotech,185712,3 Years,65,1,65,10000000,2025-01-12,Credit Card,65,Trade treat several say.,Rock partner know race blue project.,65,Engineering,Benjamin Benton,65,Sarah Bryant,moralesjoy@yahoo.com,932-178-2958x472,65,Other,2025-02-11,/every/speak.ods,65,Merit Scholarship,Tough attorney try nice.,10969,65,2025-02-10,65,Lawson and Sons,2025-01-29,2,65,Software Engineer,10 LPA,2025-01-07,No,No,7,No,83.14,54.47,122.88,2.56,0,Yes,3,0,High,Accepted,Yes
66,Mary Adams,leslie26@taylor-barr.biz,Wt9MS95h@9,1,0,1176b607-ab80-41f7-9c99-427d284f028b,66,Samuel Mueller,alexander80@yahoo.com,083.040.3660x21097,https://placekitten.com/784/1001,0,SC,High School,Aaron Jones MD,+1-618-711-1798,Doctor,66,Biotech,87901,4 Years,66,1,66,10000000,2025-02-01,UPI,66,Bill action rather agent.,Condition anyone art get age lot themselves.,66,Science,Teresa Smith,66,Aaron Kaiser,olowe@vasquez.biz,+1-668-706-3875x5277,66,Resume,2025-01-13,/available/among.wav,66,Merit Scholarship,Car far national happy arm.,500000,66,2025-01-07,66,May-Patel,2025-02-09,2,66,Intern,100 LPA,2025-01-20,Yes,No,1,No,56.89,86.9,86.45,3.76,0,No,3,0,High,Waitlisted,Yes
67,Corey Watson,jodi48@hotmail.com,N1vTd&Nb*n,0,0,f3fad348-74cb-4622-9f7c-0fe2cbfec2ea,67,David Bass,colleenmiller@perry.com,001-688-136-8953x1904,https://www.lorempixel.com/258/996,0,SC,High School,Judy Barber,(401)534-0049x735,Other,67,Electronics,5000000,4 Years,67,0,67,181797,2025-01-30,Debit Card,67,Up firm act.,Economy partner very decade.,67,Science,Sarah Hess,67,Michael Mcneil,luis85@yahoo.com,(613)434-9391,67,Transcript,2025-01-01,/difference/shake.xls,67,Sports Quota,Whose draw start subject.,23059,67,2025-01-09,67,Moore and Sons,2025-01-10,1,67,Manager,7 LPA,2025-01-06,Yes,Yes,0,Yes,95.39,70.31,30.27,3.66,4,No,5,4,High,Rejected,Yes
68,Kenneth Collier,kochmario@gregory.com,2)GnORsR&I,1,0,f05f5127-973a-4a1f-9f39-b7c5c0e2c6b6,68,Alex Jones,ashley99@reed-martinez.org,527-370-7822x5622,https://dummyimage.com/199x423,0,SC,Bachelor's,Ryan Richard,3793038374,Engineer,68,Computer Science,5000000,3 Years,68,0,68,10000000,2025-01-27,Credit Card,68,Point office more why like.,Line education standard political put Congress.,68,Science,Gregory Brown,68,Kristen Brown,justinking@yahoo.com,322-250-4729x731,68,Other,2025-02-11,/use/want.mp3,68,Merit Scholarship,Republican four audience real per.,500000,68,2025-01-05,68,"Calderon, Stewart and Wright",2025-02-10,0,68,Software Engineer,8 LPA,2025-02-12,Yes,No,6,No,57.94,62.97,158.65,2.76,5,No,4,5,Low,Rejected,Yes
69,Brian Levy,cohensheryl@watson.net,Q0Ox^yHi+X,0,2,9613eefe-2847-4b7a-a35e-f289b9973745,69,Donald Torres,martinarias@gmail.com,(132)456-9457x9097,https://placeimg.com/179/976/any,2,ST,High School,Melissa Foley,599-273-1421,Business,69,Civil,196324,4 Years,69,1,69,10000000,2025-01-18,Net Banking,69,Arrive along size college within pretty person land.,Cup action heavy represent friend organization production.,69,Arts,Dawn Lamb,69,Eric Mahoney,zmeyer@martinez-jones.biz,001-257-025-8379x98727,69,Transcript,2025-01-30,/responsibility/know.tiff,69,Merit Scholarship,National wish free wonder.,48173,69,2025-01-16,69,Nelson-Bond,2025-01-27,0,69,Manager,100 LPA,2025-02-10,No,Yes,6,No,52.07,86.83,11.5,2.06,4,Yes,0,4,High,Rejected,Yes
70,Sheila Griffin,zsmith@hotmail.com,6f9tKlI2n!,1,0,79831299-94c8-42f1-89fb-26adf1bdeffe,70,Tiffany Hanna,tsmith@rich-jones.com,186-836-9139x0018,https://placeimg.com/809/108/any,2,General,Bachelor's,Mary Nicholson,221.969.8405,Other,70,Computer Science,5000000,4 Years,70,0,70,10000000,2025-01-26,UPI,70,Just so happy know particular sea but daughter.,Movement style hot physical born along trip interesting.,70,Arts,Philip Jones,70,Mark Church,franklin71@miller.com,177-891-2320x931,70,ID Proof,2025-01-21,/individual/table.flac,70,Merit Scholarship,Early again either edge method parent.,44554,70,2025-01-24,70,Miller LLC,2025-01-15,2,70,Manager,3 LPA,2025-02-04,No,No,0,Yes,76.18,63.98,181.44,3.91,3,Yes,13,3,Medium,Rejected,Yes
71,Kathryn Wilson,mware@yahoo.com,z!+8&b$rvY,0,0,051f3c42-7c88-4b52-91a2-adbf07d0d6ee,71,Beth Roberts,zberry@gmail.com,+1-981-026-2781x756,https://placeimg.com/832/612/any,0,SC,High School,Angela Wall,+1-038-052-0152x98468,Teacher,71,Civil,144656,2 Years,71,1,71,176582,2025-02-08,Debit Card,71,Own follow exist far.,Wrong more than.,71,Science,Angela Harrington,71,Robin Miller,adrianherrera@yahoo.com,6172682404,71,Resume,2025-01-06,/among/choice.png,71,Merit Scholarship,Memory theory under food.,19996,71,2025-02-13,71,Moreno Group,2025-01-31,2,71,Intern,11 LPA,2025-02-01,No,No,8,Yes,53.05,59.64,164.28,2.1,4,No,16,4,Medium,Accepted,Yes
72,Laura Bennett,,rVVcZ0MS&6,0,2,3121084f-59e6-4a79-b384-9033872625ba,72,Edward Martinez,rogerschad@yahoo.com,627.880.0605,https://dummyimage.com/469x776,0,OBC,Bachelor's,Carlos Moss,(864)871-9287,Teacher,72,Biotech,5000000,4 Years,72,1,72,52522,2025-01-13,Debit Card,72,Relationship time hair.,Identify eat kind plan government subject.,72,Commerce,Melissa Howard,72,Ana Mcbride,shelleyle@gmail.com,(647)986-1576,72,Transcript,2025-02-01,/peace/soldier.mp4,72,Need-Based,Answer outside hot take organization.,500000,72,2025-01-29,72,Pitts-Moreno,2025-02-04,1,72,Data Analyst,100 LPA,2025-01-24,Yes,Yes,4,No,97.39,NULL,104.43,3.81,2,No,13,2,High,Accepted,Yes
73,Lisa Buckley,austin56@yahoo.com,&h6GJjr1@^,0,1,58d18921-44e1-4276-ab8c-71a70cb3357e,73,Craig Nash,paulanderson@hotmail.com,020.833.9806,https://www.lorempixel.com/771/549,0,SC,Master's,Justin Parker,001-374-767-8860x378,Doctor,73,Electronics,147743,3 Years,73,1,73,10000000,2025-01-09,Credit Card,73,Fight heavy them growth one.,Mouth imagine fill guy magazine single writer.,73,Science,Charles Cohen,73,Scott Hood,paynetanner@tapia.com,001-751-121-3533x17524,73,ID Proof,2025-01-16,/system/manager.pages,73,Sports Quota,We direction establish without since song.,500000,73,2025-02-03,73,Galvan-Griffin,2025-01-11,1,73,Data Analyst,100 LPA,2025-02-10,No,No,9,No,0,52.4,180.22,2.18,2,No,14,2,Low,Waitlisted,Yes
74,Mrs. Elizabeth Lee,khansen@yahoo.com,r)5WheQn+*,1,1,6634075c-b84b-46a0-8d8e-d5abd2ea33c4,74,Tiffany Knapp,george82@yahoo.com,221-377-3499x189,https://placekitten.com/525/252,2,OBC,Master's,Kevin Moreno,(565)118-2574,Other,74,Mechanical,112252,3 Years,74,0,74,43168,2025-01-09,Credit Card,74,Nor common report however throughout.,Simple really wide with.,74,Engineering,George Williams,74,Carmen Vasquez,wanderson@nelson-riley.com,+1-725-901-2533x76781,74,ID Proof,2025-01-07,/herself/read.jpeg,74,Need-Based,Summer class wish together include wish goal teacher.,500000,74,2025-01-10,74,Griffin-Perkins,2025-02-06,2,74,Manager,100 LPA,2025-01-31,No,No,1,No,0,NULL,132.69,2.57,3,No,8,3,Low,Accepted,Yes
75,Chad Reese,rachel21@hotmail.com,x%1V@i*pgk,0,2,c99af5ae-2ec4-4cc3-9fb9-c5f3cc2a0e7c,75,Robin Logan,juan38@gibson.biz,001-981-342-9277x60757,https://www.lorempixel.com/705/475,1,ST,PhD,Steven Brooks,550-045-1798x2444,Doctor,75,Electronics,136441,2 Years,75,0,75,10000000,2025-02-04,UPI,75,Clear decade visit class sister would media Republican.,Technology among reflect bit case.,75,Engineering,Katelyn Lee,75,Laura Frazier,kmorris@patterson.org,(618)490-6160x381,75,Transcript,2025-01-13,/if/pretty.html,75,Need-Based,Protect wish nature TV thank control Democrat.,22763,75,2025-01-07,75,Hernandez LLC,2025-01-26,2,75,Software Engineer,8 LPA,2025-01-25,No,No,6,Yes,68.4,58.37,5.96,3.35,3,No,13,3,High,Waitlisted,Yes
76,,christopher09@hotmail.com,IkuR1OLh^@,1,0,520d4372-0e67-45af-a819-52540dc107af,76,Jeremy Stephenson,hchavez@hotmail.com,001-844-775-8600x87535,https://www.lorempixel.com/321/507,0,ST,High School,Misty Whitehead,+1-866-493-1719x0959,Business,76,Mechanical,115250,3 Years,76,1,76,164543,2025-01-28,UPI,76,Camera participant position music three star.,Money teach politics four rock your.,76,Science,Jeffery Carter,76,Joseph Hill,michael70@yahoo.com,419.376.6078,76,Transcript,2025-01-20,/trouble/do.wav,76,Sports Quota,Traditional clearly head score civil.,41831,76,2025-02-12,76,Johnson-Taylor,2025-02-11,0,76,Data Analyst,12 LPA,2025-01-16,No,No,7,No,59.94,92.22,125.09,2.48,2,No,8,2,Low,Rejected,Yes
77,Isaac Duncan,dwalton@gmail.com,$3SHlSOxd&,0,2,30355c66-2fb8-419c-8a89-493545b6ebc9,77,Lisa Kane,jacobcole@hubbard-mendoza.info,001-384-138-3311x546,https://www.lorempixel.com/643/480,2,General,Master's,Kathy Bullock,996904567,Other,77,Biotech,183350,3 Years,77,0,77,173674,2025-01-09,UPI,77,Thing clearly policy arrive yes major dream.,Early compare thing cold still.,77,Science,Jeremy Mccoy,77,Jennifer Weaver,robertfrank@rodriguez-wright.com,(078)135-1853x2468,77,Other,2025-01-02,/else/successful.csv,77,Sports Quota,Her past coach amount.,49504,77,2025-01-28,77,Olsen PLC,2025-02-13,0,77,Manager,100 LPA,2025-01-22,No,Yes,8,No,76.96,67.32,155.77,2.44,4,Yes,8,4,Medium,Rejected,Yes
78,Nathan Garcia,christopherbryan@hotmail.com,#zQop1My39,0,1,ac81402b-c399-4069-b0c5-7ecb82675c14,78,Matthew Jones,mcdaniellisa@yahoo.com,677-175-3069x8240,https://www.lorempixel.com/416/189,0,General,High School,Steven Thompson,738.435.0250x549,Engineer,78,Computer Science,5000000,2 Years,78,1,78,109550,2025-02-01,Net Banking,78,Before everyone security thousand this couple support.,Enjoy defense happy try question environmental discussion.,78,Engineering,Chris Russell,78,Karen Calhoun,dmarshall@alvarado-meyer.com,703-548-0363x5410,78,ID Proof,2025-02-04,/money/occur.mp4,78,Merit Scholarship,True very increase size forward.,500000,78,2025-01-07,78,Richardson-Anderson,2025-01-01,0,78,Intern,100 LPA,2025-01-27,No,No,1,No,56.69,86.95,9.73,3.31,3,Yes,9,3,Medium,Accepted,Yes
79,Christopher Saunders,kristine98@thompson.com,)eJS8(v+I7,1,1,8251d445-e701-43ac-bbf7-5a326b45566c,79,Pamela Miller,fergusonbrad@elliott.com,400-046-3667x3889,https://dummyimage.com/330x894,2,ST,PhD,Samantha Stewart,7788794385,Business,79,Computer Science,93243,4 Years,79,1,79,10000000,2025-01-10,UPI,79,Let sure general often successful partner.,Environmental first because standard.,79,Engineering,David Crawford,79,Stacey Hamilton,diamond48@gmail.com,425.656.5162,79,Other,2025-01-05,/this/word.webm,79,Sports Quota,Her management increase.,500000,79,2025-01-12,79,Johnson LLC,2025-01-24,1,79,Manager,12 LPA,2025-01-30,No,No,4,No,59.67,53.46,5.41,3.35,5,No,1,5,High,Waitlisted,Yes
80,Frank Smith,arobinson@yahoo.com,y!N1Fl%YFL,1,0,8422b974-997c-4c97-987e-19ddd88c3bf5,80,Sara Fisher,vanessarhodes@yahoo.com,592-641-6008x0512,https://www.lorempixel.com/64/862,2,SC,Bachelor's,Robert Sparks,471.295.7362x023,Teacher,80,Electronics,52959,3 Years,80,1,80,10000000,2025-01-18,UPI,80,Indeed hope movie career seek instead man rest.,Action somebody reason raise key.,80,Commerce,Sean Wilson,80,Rachel Green,wcole@poole.org,255-995-3312x09670,80,ID Proof,2025-01-03,/wall/paper.pdf,80,Need-Based,Data agent husband feeling impact political wonder.,21201,80,2025-02-11,80,Ray-Klein,2025-01-08,2,80,Software Engineer,7 LPA,2025-01-26,Yes,No,3,No,97.84,88.51,109.33,3.36,0,No,13,0,Low,Rejected,Yes
81,Nicole Ramos,shermanstephen@gordon-harrison.org,Nnw6Meif!#,0,0,932edcc2-a0d8-49ff-a0fb-2c97a65f5b19,81,Megan Randolph,williamwilliams@hotmail.com,001-323-416-0545,https://placekitten.com/714/926,2,SC,Master's,Caroline Robinson,(190)201-4680x6882,Doctor,81,Mechanical,156234,3 Years,81,1,81,94411,2025-01-31,Credit Card,81,Control many skill politics.,Thousand rest its worry report message whatever hospital.,81,Engineering,Danielle Lewis,81,Christopher Lopez,rodriguezanna@gmail.com,020.921.4279x16570,81,Other,2025-02-10,/war/moment.tiff,81,Sports Quota,Turn whose fast oil drive often.,500000,81,2025-01-13,81,"Baker, Fuentes and Brock",2025-01-28,0,81,Intern,100 LPA,2025-01-24,Yes,Yes,6,Yes,68.29,66.18,119.4,2.23,4,Yes,4,4,Low,Waitlisted,Yes
82,Paul Scott,rschneider@yahoo.com,(0dE8eyxNg,1,2,7acf444b-2d7a-4309-aba8-9fa073f495dc,82,Todd White,johncastro@gmail.com,(088)734-9200x100,https://placekitten.com/123/112,0,OBC,Master's,Richard Phillips,4872786682,Business,82,Civil,5000000,3 Years,82,1,82,48511,2025-01-03,UPI,82,Cup manager fly card anything.,Million throughout year training.,82,Commerce,Mitchell Jimenez,82,Daniel Coleman,suzannehines@yahoo.com,+1-011-601-6717x09711,82,Resume,2025-01-25,/blue/bill.txt,82,Merit Scholarship,Reach environment these participant cause skin wide.,23552,82,2025-01-03,82,Quinn-Alvarez,2025-01-15,1,82,Manager,100 LPA,2025-01-17,Yes,No,,Yes,68.49,97.19,68.85,3.36,3,No,19,3,Medium,Rejected,Yes
83,Evan Valentine,dortiz@ortiz.biz,Y@$Z4wTp)0,0,0,5c3d244c-c6cc-495a-9013-5dbea292b62b,83,Vanessa Reid,alexismurphy@raymond-moore.com,802-322-3773,https://placekitten.com/223/648,0,General,PhD,Stacie Garcia,(511)679-1209,Other,83,Mechanical,5000000,4 Years,83,0,83,10000000,2025-01-19,UPI,83,Blue bank in task sound.,Hotel true turn approach peace clearly.,83,Engineering,Jennifer Perkins,83,Elizabeth Butler,reidedward@gmail.com,677-511-8723,83,Other,2025-01-11,/miss/case.jpeg,83,Sports Quota,Way policy dinner hope probably.,500000,83,2025-01-26,83,Morgan Ltd,2025-02-13,0,83,Manager,100 LPA,2025-01-07,No,Yes,2,Yes,63.89,82.38,136.91,2.49,1,No,13,1,Medium,Waitlisted,Yes
84,,davidbender@hotmail.com,+8HRpd#w+G,1,2,81863c2f-d9d6-4aae-ba27-4be23cd1a01a,84,Casey Harper,nancygarcia@yahoo.com,001-028-431-3023x40574,https://placeimg.com/347/192/any,2,General,PhD,Sarah Jordan,(450)245-0157x665,Other,84,Mechanical,5000000,2 Years,84,0,84,72110,2025-01-03,Credit Card,84,Film plan assume training stay answer.,Firm ok enjoy arrive low able.,84,Engineering,Abigail Hull,84,Russell Fernandez,tmcknight@gmail.com,001-300-867-2560x82302,84,Other,2025-01-07,/citizen/hard.jpeg,84,Need-Based,Network arm base three ago.,11018,84,2025-01-23,84,Medina-Richardson,2025-01-28,2,84,Manager,9 LPA,2025-01-04,Yes,No,6,No,58.59,97.04,89.35,3.74,3,Yes,13,3,Medium,Rejected,Yes
85,Ralph Brady,cynthia09@rojas.biz,R!3%2IyA+A,0,0,216d28e1-f9dc-4a1d-9c5d-c9b2cf9e0bd7,85,Cory Murphy,shane50@hotmail.com,651.447.2037,,0,ST,PhD,Lauren Smith,001-617-443-9596x97022,Engineer,85,Civil,5000000,3 Years,85,0,85,10000000,2025-01-02,Debit Card,85,Be quality out.,Time new before attack among baby simply.,85,Arts,Jeffrey Williams,85,Zachary Owens,meyeranne@donaldson.com,225-980-1598x430,85,Other,2025-01-29,/popular/teach.bmp,85,Need-Based,Such yourself wait position religious behind unit.,46307,85,2025-01-18,85,Hughes-Phillips,2025-01-25,1,85,Manager,9 LPA,2025-01-15,No,Yes,6,No,70.61,58.22,183.64,2.5,5,Yes,19,5,Low,Accepted,Yes
86,William Smith,jaime97@benitez.com,A3evuWJt_Z,1,2,8c3ba6f5-a139-481a-b6f1-dad583e6fe55,86,Steven Walker,wsilva@gmail.com,+1-203-789-0763,https://placeimg.com/85/701/any,1,SC,Master's,Mary Little,001-210-485-9859,Teacher,86,Biotech,5000000,2 Years,86,0,86,10000000,2025-01-01,UPI,86,Hospital create part just.,Later share already sing safe control election mention.,86,Commerce,Tonya Flores,86,Jennifer Davis,eking@yahoo.com,5044784311,86,ID Proof,2025-02-11,/professor/event.csv,86,Merit Scholarship,Focus month feel fire our.,35231,86,2025-01-12,86,"Adams, Campbell and Fritz",2025-01-21,1,86,Software Engineer,4 LPA,2025-01-18,Yes,No,9,No,74.33,89.02,132.15,2.88,4,No,5,4,High,Accepted,Yes
87,Alexandra Fox,justinhumphrey@thompson-rosales.com,gWWLHts9%1,0,1,9262dc7a-421c-4b1b-8bf0-1851b9782fc5,87,Paul Coleman,ericksontammy@yahoo.com,001-878-004-1921x8008,,2,OBC,Bachelor's,Jessica Simmons,771-096-7527x8577,Teacher,87,Mechanical,107511,3 Years,87,0,87,11164,2025-01-22,Credit Card,87,What eye time.,Imagine surface little wear bank.,87,Commerce,Darryl Alvarado,87,David Simpson,derekmerritt@gmail.com,1904419406,87,Other,2025-01-15,/sort/girl.mov,87,Merit Scholarship,Cup door place he.,26306,87,2025-02-04,87,Phillips-Frazier,2025-02-11,0,87,Manager,3 LPA,2025-01-31,Yes,No,7,Yes,53.94,88.51,39.56,3.77,4,Yes,7,4,Medium,Waitlisted,Yes
88,Ronald Baker,,&L9P*bhl(7,0,0,b86e8739-929e-4ea9-ae58-7fce1e380672,88,John Bell,peterweiss@hotmail.com,(543)321-7632,https://placeimg.com/244/976/any,1,SC,High School,Danielle Walsh,(914)552-9009x07240,Teacher,88,Biotech,5000000,4 Years,88,1,88,63577,2025-01-23,Net Banking,88,Keep realize who point check add follow future.,Baby through quickly machine plant.,88,Commerce,Bradley Miller,88,Nicole Barber,gordongregory@smith-moran.com,001-754-158-9469,88,Resume,2025-01-07,/traditional/new.jpg,88,Merit Scholarship,Company campaign different perform.,43255,88,2025-02-05,88,"Lee, Petersen and Welch",2025-01-16,0,88,Software Engineer,4 LPA,2025-01-29,Yes,Yes,2,No,76.36,76.7,115.27,3.6,3,No,13,3,Low,Rejected,Yes
89,Emily Ramos,vpennington@mack.org,4k0!JcGdi^,0,1,8e1d00ed-7b79-403a-b3b7-860621541363,89,Dalton Hernandez,jgraham@green-hudson.com,+1-209-003-7914,https://dummyimage.com/123x944,0,OBC,Master's,Barry Richardson,+1-553-366-9283x15569,Other,89,Mechanical,5000000,3 Years,89,0,89,10000000,2025-02-07,Credit Card,89,Standard rock lose into need remain late.,Benefit interesting argue let every population.,89,Engineering,Brian Davis,89,Mr. Joshua White DVM,ramosmichael@middleton.biz,405-539-0726x6554,89,Transcript,2025-01-21,/participant/important.webm,89,Need-Based,Wonder back pull.,500000,89,2025-02-07,89,Stevens Inc,2025-02-10,2,89,Software Engineer,11 LPA,2025-02-05,Yes,No,9,No,100,84.09,52.75,3.7,1,Yes,1,1,Medium,Accepted,Yes
90,Michael Mendez,pboyle@yahoo.com,1J$^LlQj*1,1,1,6a89d833-91ef-4559-9000-2bcc571d5bab,90,Timothy Johnson,anncrosby@gmail.com,221-865-8510x751,https://placeimg.com/335/950/any,0,SC,Bachelor's,Frank Gonzalez,+1-457-345-3752x833,Business,90,Electronics,141206,2 Years,90,0,90,10000000,2025-02-08,Credit Card,90,Protect court although dinner positive present station recognize.,Hit whether keep let front truth.,90,Commerce,Ashley Meyer,90,Clayton Schmidt,sandra41@novak.org,091-546-0816x4270,90,Transcript,2025-01-03,/discuss/light.key,90,Merit Scholarship,Military east letter paper anything week continue.,500000,90,2025-02-08,90,Stone-Sparks,2025-01-15,1,90,Intern,5 LPA,2025-01-31,Yes,No,7,No,58.08,71.46,175.84,2.52,1,No,15,1,High,Rejected,Yes
91,Erica Kim,samantha95@davis.com,@He0QlClD5,0,2,b6230107-2465-45f0-91a3-099e27e8407d,91,Joanna Rivera,john35@yahoo.com,(865)704-9872,https://www.lorempixel.com/147/842,2,ST,PhD,Nicole Rios,(832)226-0201,Doctor,91,Electronics,5000000,2 Years,91,1,91,102036,2025-01-21,Credit Card,91,Consumer degree history owner guess.,Turn approach worry human.,91,Science,Christian Day,91,Cynthia Cook,tgreene@phillips-allen.com,769-250-9352x03409,91,Other,2025-01-31,/happen/knowledge.flac,91,Merit Scholarship,Growth paper car color she serve else.,40752,91,2025-02-11,91,Glenn-Willis,2025-01-05,2,91,Data Analyst,6 LPA,2025-01-02,Yes,Yes,2,Yes,72.11,77.11,25.72,3.86,3,No,3,3,High,Accepted,Yes
92,Chad Lopez,kristicruz@gmail.com,1i%PP#qM+n,0,1,0f897223-ab27-4b83-9568-84d4909dfc90,92,Ryan Parsons,benjamin60@caldwell.com,575.961.5411,https://www.lorempixel.com/930/459,1,ST,Master's,Terri Dodson,3120208922,Other,92,Civil,5000000,4 Years,92,0,92,50536,2025-01-10,Net Banking,92,Everyone along beat establish.,Candidate huge history him character improve.,92,Arts,Debra Carr,92,Stephanie Johnson,tadams@hotmail.com,004-164-1803x4523,92,Other,2025-01-19,/administration/staff.pdf,92,Merit Scholarship,Real next least something network later hand.,36410,92,2025-01-06,92,Taylor-Harrison,2025-01-27,0,92,Data Analyst,100 LPA,2025-01-21,Yes,Yes,8,Yes,72.14,87.27,166.27,3.75,3,No,6,3,Low,Rejected,Yes
93,Sherry Ford,josephsmith@scott-mcguire.com,b6q1gR%k#j,0,0,1ebd729e-bdf5-4be9-926e-0b8dc1f7e78d,93,Laura Hawkins,mcgeetracy@yahoo.com,001-692-571-5992x5557,,0,ST,Master's,Jeffrey Johnson,271-998-1870x58667,Engineer,93,Biotech,5000000,2 Years,93,0,93,54200,2025-01-25,UPI,93,Summer hope ball product.,Adult process street west build medical.,93,Arts,Robert Palmer,93,Brian Chavez,reynoldssamantha@gmail.com,157-050-8845x3344,93,Transcript,2025-02-05,/name/whole.pages,93,Need-Based,Or save order name her clearly choose.,500000,93,2025-01-24,93,Rose-Smith,2025-02-04,2,93,Data Analyst,100 LPA,2025-01-31,No,Yes,2,Yes,73.04,81.32,62.15,3.15,1,No,7,1,Medium,Accepted,Yes
94,Shawn Watkins,,v$)6U^Tyaj,0,0,f9eee6ae-031d-49b4-818c-d0615b080a0f,94,Robin Ball,lmoss@gmail.com,349-834-1465x241,https://placeimg.com/690/677/any,1,General,PhD,Christopher Baker,171-521-7958,Other,94,Biotech,170977,3 Years,94,1,94,91270,2025-02-11,Net Banking,94,Product morning ability never.,Always partner these resource our fine maintain.,94,Science,Anna Garrett,94,Amanda Craig,blackfrank@flores.com,935-145-6796,94,ID Proof,2025-01-09,/people/group.odp,94,Merit Scholarship,Concern keep beat life fire.,25377,94,2025-01-12,94,Miller-Baker,2025-01-09,0,94,Data Analyst,4 LPA,2025-01-06,No,Yes,4,No,91.35,87.33,158.58,2.63,0,No,11,0,Low,Waitlisted,Yes
95,Cody Perez,nhorton@gmail.com,l*Q7AUm^pv,0,1,b22e3fc7-ae5c-41ba-b9ef-00abe5a4f23c,95,David Fuller,susanmiller@leach.info,(353)014-7025x620,https://placekitten.com/695/653,1,OBC,Master's,Benjamin Owens,(229)157-3533x481,Other,95,Civil,119071,4 Years,95,0,95,96264,2025-01-22,Debit Card,95,Family performance challenge.,Moment staff officer real ask long.,95,Arts,Melissa Hodges,95,Jeffery Baker,ginadawson@gmail.com,(627)061-1833,95,Other,2025-01-21,/along/able.ods,95,Sports Quota,Nearly common least front.,500000,95,2025-01-17,95,Blair-Rogers,2025-01-06,0,95,Data Analyst,100 LPA,2025-01-11,Yes,No,2,Yes,99.85,55.05,4.95,3.41,0,Yes,16,0,Low,Rejected,Yes
96,Lori Stanley,paul71@sullivan.com,(P27R32ln$,1,0,f0f6dd4e-4be5-4f5c-9ad1-9efbfedd23b9,96,Brandon Wells,jphillips@hotmail.com,982.534.5362x3318,,0,General,PhD,Scott Hale,108.002.2845x64359,Engineer,96,Electronics,5000000,2 Years,96,1,96,10000000,2025-01-29,Debit Card,96,Cup pattern full have example pattern huge.,Work power religious.,96,Science,Timothy Nunez,96,Kathy Deleon,hinesstephen@gmail.com,607-902-6129,96,ID Proof,2025-02-01,/central/door.wav,96,Sports Quota,Parent threat current direction receive set.,22302,96,2025-02-01,96,Tucker Group,2025-01-23,1,96,Manager,100 LPA,2025-02-02,Yes,Yes,2,No,74.07,52.37,110.83,3.71,2,Yes,10,2,Medium,Waitlisted,Yes
97,Olivia Ward,nedwards@hotmail.com,c10Z7WBxn_,1,1,38377b19-8a38-46ea-9c2b-ab9a64b7ed7e,97,Francisco Summers,kimberlywarner@hotmail.com,+1-245-784-6882x645,https://www.lorempixel.com/709/818,1,General,Master's,Jonathan Roth,613.174.0947,Teacher,97,Electronics,5000000,2 Years,97,1,97,175507,2025-01-19,UPI,97,Dream professional even.,Method moment religious low blue star news.,97,Commerce,Thomas Bailey,97,Toni Vance,barnettdavid@davis.org,036-343-5324,97,Resume,2025-02-01,/different/during.mp3,97,Sports Quota,Field the site thank.,500000,97,2025-01-08,97,Reynolds-Smith,2025-02-02,0,97,Intern,11 LPA,2025-01-10,No,No,4,Yes,0,60.65,140.71,2.86,2,Yes,4,2,Low,Waitlisted,Yes
98,Brad Gregory,fwells@schwartz.com,&Gw0WJpg%f,0,1,30e9696e-0125-4545-9cd9-18562b772b4a,98,Paul Todd,williamsalyssa@sutton.com,001-560-585-1786x225,https://placekitten.com/391/229,0,General,Master's,George Allen,+1-803-273-1360x2701,Teacher,98,Biotech,118557,4 Years,98,1,98,10000000,2025-01-11,Credit Card,98,Game house technology our military.,Quickly right a nearly.,98,Engineering,Randall Hansen,98,Andrew Mcgrath,zwatts@gmail.com,782-791-0290,98,Resume,2025-01-30,/movie/ahead.mp4,98,Merit Scholarship,Against expert compare season term.,500000,98,2025-02-04,98,George-Jackson,2025-01-17,1,98,Manager,100 LPA,2025-02-01,No,Yes,5,Yes,0,88.14,17.35,3.07,5,No,9,5,Low,Waitlisted,Yes
99,Heidi Smith,dleblanc@hotmail.com,^(q7PyWIHO,0,1,e5f8cac2-bdf9-452c-b16d-2c40b3f08519,99,Mark Dunlap,ortizaaron@johnson-huynh.org,215-676-7700x45274,https://www.lorempixel.com/172/471,1,ST,PhD,Daniel Carroll,+1-903-299-9019x53040,Doctor,99,Electronics,5000000,3 Years,99,0,99,10000000,2025-01-21,Debit Card,99,May network receive benefit his decision exist.,Simply attack sit service body.,99,Commerce,Benjamin Gomez,99,Melody Flores,april05@gmail.com,001-080-275-7615x163,99,Other,2025-01-12,/gas/through.ods,99,Merit Scholarship,Treatment past nothing improve example catch have.,42821,99,2025-01-19,99,"Phillips, Cabrera and Brown",2025-02-10,2,99,Intern,7 LPA,2025-02-09,No,No,2,No,68.19,53.14,104.08,3.24,0,Yes,5,0,Medium,Waitlisted,Yes
100,Ryan Rodriguez,shelleyharvey@gmail.com,Q8XY@EtV&),0,1,3badced2-6796-4a48-b94e-053ebff47a1c,100,Katherine Jones,franklinandrew@martin.biz,474-229-8710,https://www.lorempixel.com/888/675,1,SC,High School,Jared Garcia,542.516.2268x51083,Engineer,100,Electronics,5000000,3 Years,100,1,100,10000000,2025-02-08,Debit Card,100,He popular raise camera hand billion purpose.,Set herself along suddenly address play.,100,Commerce,Mr. Kurt Davis MD,100,Sandra Murphy,danielswilliam@duncan-edwards.net,899.286.2481,100,Resume,2025-01-24,/summer/along.wav,100,Sports Quota,Director chance country.,35851,100,2025-01-11,100,Pope-Bell,2025-01-28,0,100,Data Analyst,5 LPA,2025-02-02,No,No,1,Yes,77.78,95.92,105.66,3.2,1,No,5,1,High,Rejected,Yes
101,Isaiah Patton,bushpaul@hamilton-martin.com,17ngJwth_N,1,1,321eea9f-ed02-429b-975a-7ac679855b39,101,Justin Jackson,karinadavis@hotmail.com,074.396.1081x7884,https://dummyimage.com/980x135,0,SC,Master's,Earl Hampton,+1-542-352-1534,Teacher,101,Mechanical,5000000,2 Years,101,0,101,10000000,2025-02-06,Debit Card,101,Manager present agree say popular bring expert.,Most school its.,101,Engineering,Tiffany Cannon,101,Sherri Hernandez,greenpaul@hotmail.com,617.891.4587,101,Transcript,2025-02-09,/free/respond.numbers,101,Merit Scholarship,Knowledge improve place magazine.,500000,101,2025-01-12,101,"Gomez, Ford and Hernandez",2025-01-09,0,101,Manager,100 LPA,2025-01-20,Yes,Yes,5,Yes,57.34,66.76,14.17,2.05,4,Yes,16,4,Low,Accepted,Yes
102,Brian Turner,njordan@waters.org,H#7x6GyDuN,0,1,a6dd44c8-28cf-4602-8263-28cdc951b10e,102,Vanessa Walker,craig79@tran.com,340-504-3964x63991,https://placekitten.com/524/463,0,General,Bachelor's,Brandi Wilson,(870)284-4671x533,Engineer,102,Mechanical,5000000,2 Years,102,0,102,102819,2025-02-04,Net Banking,102,Future shake catch resource pay collection into.,Opportunity admit live nor.,102,Arts,Jeffrey Rose,102,Donald Smith,omoore@hotmail.com,6338048552,102,Transcript,2025-01-18,/simply/pattern.avi,102,Merit Scholarship,Common mention return capital staff common world.,12356,102,2025-01-25,102,"Hart, Griffin and Montoya",2025-01-21,0,102,Software Engineer,5 LPA,2025-01-30,No,Yes,6,No,66.58,55.68,130.72,3.18,3,Yes,5,3,Medium,Rejected,Yes
103,Lindsay Mosley,dmcdowell@peterson-hawkins.com,A%1(OyQjRe,0,0,37eac40d-fb4c-4b94-9169-11e87b979a93,103,Tamara Gutierrez MD,nicholsevan@yahoo.com,095-453-1081x640,https://placekitten.com/265/90,0,ST,Master's,John Stone,001-803-728-6481x79034,Business,103,Biotech,57585,2 Years,103,0,103,10000000,2025-01-06,Debit Card,103,Happy along health popular theory party.,Population may together.,103,Commerce,Joshua Barber,103,Anthony Wright,crystal56@jones-gardner.com,(510)960-6312x6298,103,Resume,2025-01-27,/site/while.csv,103,Sports Quota,Participant write up here step condition.,500000,103,2025-01-06,103,"Pruitt, Harris and Stephenson",2025-01-11,0,103,Data Analyst,100 LPA,2025-01-21,Yes,Yes,0,Yes,89.51,94.42,146.41,2.09,0,Yes,4,0,Low,Rejected,Yes
104,Michael Patel,bonnie71@hotmail.com,3vb8Ly9Z+w,1,1,5a909a65-f287-42fb-9601-eee517560c37,104,James Anderson,hannah58@hotmail.com,3383010011,https://dummyimage.com/562x451,2,General,Master's,Joshua Schmidt,380.621.3749,Engineer,104,Electronics,190174,3 Years,104,0,104,10000000,2025-01-14,Debit Card,104,Wonder enough idea American line store interview.,Rule child management couple eight.,104,Science,Aaron Russo,104,Jeffrey Bowman,butlergregory@gmail.com,+1-321-961-2441x3686,104,ID Proof,2025-01-14,/think/goal.jpg,104,Sports Quota,Yet whatever free piece stock check item.,26539,104,2025-01-28,104,Wheeler Ltd,2025-01-30,1,104,Intern,10 LPA,2025-01-05,No,No,3,No,96.59,88.05,126.48,2.82,5,Yes,0,5,Medium,Accepted,Yes
105,Michael Gonzalez,,SCY%JPIr*2,0,1,9e707561-b5ed-4692-a09b-eb3dd97bc8d1,105,Lawrence Marsh,brian56@gmail.com,998.789.5237,https://www.lorempixel.com/505/458,1,General,Bachelor's,Beth Brown,507.980.8621x30552,Teacher,105,Mechanical,5000000,2 Years,105,1,105,10000000,2025-02-10,Net Banking,105,Money role think true scientist lawyer head.,Yeah training adult hotel federal.,105,Science,Dawn Horton,105,Olivia Ramirez,harrisamanda@bauer-mercer.info,183-664-0906x34594,105,ID Proof,2025-01-26,/part/think.tiff,105,Need-Based,Past they society stop commercial garden.,34297,105,2025-02-10,105,"Ramirez, Ward and Black",2025-01-31,1,105,Intern,100 LPA,2025-01-08,No,No,,Yes,86.92,57.2,134.87,3.78,4,Yes,12,4,Medium,Waitlisted,Yes
106,Jeffrey Herman,fbrown@davis.biz,y%vS2uWgf+,0,0,6e1ed4ac-b029-4bb4-9689-41718e8f4f28,106,Dr. Philip Hughes,aramos@ortega.com,001-726-575-6344x053,https://placekitten.com/804/3,1,ST,High School,Franklin Sullivan,(918)884-1108,Engineer,106,Computer Science,99344,3 Years,106,0,106,70646,2025-02-07,Credit Card,106,Describe determine story material director interesting plan.,List admit last pretty perhaps carry.,106,Engineering,Charles Booker,106,Thomas Spears,parkerbilly@hotmail.com,+1-826-560-0270x833,106,ID Proof,2025-02-01,/site/create.webm,106,Sports Quota,Job size yes those sit remain.,45786,106,2025-02-07,106,Jefferson Ltd,2025-01-04,1,106,Software Engineer,100 LPA,2025-01-23,Yes,Yes,3,No,68.07,94.61,75.4,2.01,0,No,19,0,High,Accepted,Yes
107,Cody Acevedo,,_1WWgkp2$f,0,2,e5c9d7fe-6506-4c5f-91ca-0289f0a76657,107,Shawn Hernandez,brandonreyes@kim.com,9721012146,https://placekitten.com/272/169,2,OBC,Master's,Clarence Munoz,404.219.2360x520,Business,107,Electronics,5000000,4 Years,107,0,107,10000000,2025-01-21,UPI,107,Keep pattern involve politics across.,Maybe culture offer four girl.,107,Commerce,Bob Stout,107,Cory Osborne,johnparsons@gmail.com,(825)726-9807x604,107,Resume,2025-01-13,/indeed/enjoy.mp4,107,Merit Scholarship,Southern successful through face deep.,15847,107,2025-01-24,107,"Bass, Oconnor and Smith",2025-01-06,2,107,Manager,100 LPA,2025-01-02,No,No,4,No,77.24,65.41,58.49,3.01,0,No,6,0,Low,Accepted,Yes
108,Michael Walker,chavezapril@yahoo.com,$N9(T2NjO6,1,1,83821e88-54f9-4de9-9bcf-d904a01d4a3f,108,Kevin Morgan,ramseybrian@yahoo.com,001-736-854-5760x21090,https://placeimg.com/221/178/any,0,OBC,Master's,April Smith,905-099-1399x71694,Business,108,Civil,5000000,4 Years,108,1,108,10000000,2025-02-03,Credit Card,108,Yourself about show term ago case leave down.,Stage sign may than of it stand.,108,Science,Edward Rogers,108,Robert Turner,shannon02@harris-patel.net,987-714-0407,108,Resume,2025-01-24,/century/player.html,108,Need-Based,Service figure if near.,35375,108,2025-01-08,108,Conner and Sons,2025-01-15,0,108,Software Engineer,5 LPA,2025-02-07,No,Yes,2,No,78.37,57.17,160.34,3.54,5,No,5,5,Low,Waitlisted,Yes
109,Tonya Harris DDS,david16@yahoo.com,T^#*15DtV^,0,0,93ab9202-3422-4720-8576-b6b669371141,109,Eric Snow,townsendkristie@gmail.com,898.411.4522x518,https://www.lorempixel.com/883/965,0,OBC,PhD,Barbara Goodwin,001-465-375-4734,Doctor,109,Electronics,5000000,2 Years,109,1,109,62576,2025-01-10,UPI,109,Those letter evidence specific yourself establish.,History between enough culture two.,109,Engineering,Patrick Dixon,109,Mary Johnson,banksstephanie@hotmail.com,+1-333-808-3848,109,Transcript,2025-02-04,/attention/personal.mp3,109,Sports Quota,Sing dinner show senior energy treatment season pull.,500000,109,2025-01-13,109,"Moore, Boyer and Leonard",2025-01-28,0,109,Data Analyst,100 LPA,2025-02-09,No,No,7,Yes,51.62,99.19,175.54,2.6,1,No,13,1,Medium,Waitlisted,Yes
110,Lisa Ferrell,ohall@gmail.com,GkS)rHXp(3,1,1,8a8c3372-ffa9-4fb8-b09e-4660ed835e66,110,Lisa Davis,johnsonamber@yahoo.com,(233)889-4807x113,https://www.lorempixel.com/1003/826,1,ST,Bachelor's,Nicole Lane,001-605-640-8734x03887,Other,110,Mechanical,136730,4 Years,110,0,110,37811,2025-01-28,Debit Card,110,View toward sport camera question.,Garden pretty similar have interesting.,110,Commerce,Jessica Howard,110,Mrs. Melanie Decker,ahendrix@yahoo.com,(977)460-2208x252,110,ID Proof,2025-02-03,/goal/matter.numbers,110,Sports Quota,Bed perhaps artist author.,26308,110,2025-01-30,110,Cox-Hall,2025-01-29,2,110,Manager,100 LPA,2025-02-08,No,No,0,No,91.38,89.44,107.78,2.79,5,No,8,5,High,Waitlisted,Yes
111,Jeremy Hoffman,scottjennifer@yahoo.com,F455XiF&S#,0,1,481857e5-45e6-4983-a9bf-e7fca6c1baca,111,Philip Haynes,timothy73@kim.com,(719)709-8646,,2,ST,High School,Robert Nelson,001-292-660-9247x631,Doctor,111,Biotech,5000000,2 Years,111,1,111,29432,2025-01-31,Debit Card,111,Administration million opportunity book but response enjoy.,Dream partner guy.,111,Science,Adrian Miles,111,Stephanie Fischer,lross@hotmail.com,(381)737-4507,111,ID Proof,2025-01-31,/produce/production.avi,111,Sports Quota,End chance strong plan truth factor.,48703,111,2025-02-05,111,Byrd Ltd,2025-01-16,0,111,Intern,100 LPA,2025-01-29,No,No,3,Yes,80.14,68.84,103.81,3.58,5,No,10,5,Low,Rejected,Yes
112,Gilbert Rodriguez,trevor30@arias.com,^6@22eDxwO,0,2,3d9aa15d-cdfa-439f-834c-5126298e350c,112,Daniel Mann,mlee@fisher.com,365.421.4931x75531,https://placekitten.com/515/536,0,SC,Bachelor's,Shawn Obrien,889.065.2221,Engineer,112,Electronics,5000000,3 Years,112,0,112,10000000,2025-01-09,Net Banking,112,Return main race structure kid standard table affect.,Pressure maintain smile prevent wish.,112,Commerce,Eric Medina,112,Erica Edwards,isaiah06@yahoo.com,+1-341-616-0385x6099,112,ID Proof,2025-02-10,/year/surface.bmp,112,Merit Scholarship,Hospital contain into somebody pass voice good.,500000,112,2025-01-01,112,"Chan, Cannon and Murphy",2025-01-04,0,112,Manager,100 LPA,2025-01-10,Yes,Yes,,Yes,71.14,57.15,57.31,2.93,0,Yes,3,0,High,Rejected,Yes
113,Jared Smith PhD,johnsonjames@hotmail.com,^n82W1SDV(,1,1,9bbf4f3b-7f85-47c7-b7a7-6823a72fc72d,113,Jacob Rice,wmiller@fletcher.com,(048)675-7936x95654,https://www.lorempixel.com/878/241,0,ST,Master's,Kevin Ryan,001-939-409-7712,Other,113,Mechanical,5000000,4 Years,113,1,113,21248,2025-01-25,Credit Card,113,Store situation ever community eight.,Such hand conference ago though perform music.,113,Engineering,David Beard,113,John Melton,ngarcia@yahoo.com,361-193-3028,113,Resume,2025-02-03,/door/president.ppt,113,Need-Based,Rock several painting professor.,40192,113,2025-02-03,113,"Daugherty, Golden and Collins",2025-01-16,2,113,Data Analyst,6 LPA,2025-02-06,Yes,No,6,No,58.27,90.06,62.45,3.65,4,No,1,4,Low,Waitlisted,Yes
114,Dustin Bond,lutzsarah@shields.com,+$#I$0Of47,1,0,093117a5-a82b-4cb0-a93c-458344b7d9fa,114,Michael Green,csmith@gmail.com,(846)943-3171,,2,SC,Master's,Nicholas Evans,946-424-1813,Teacher,114,Civil,64516,4 Years,114,0,114,10000000,2025-01-01,UPI,114,Discuss sound officer worry own stay.,Play wonder development attack seven ask.,114,Engineering,Christopher Bowen,114,Shannon Johnson,jennifermckee@johnson-romero.info,+1-921-557-9719x224,114,Other,2025-02-01,/heavy/finally.flac,114,Merit Scholarship,Size thing former step.,45928,114,2025-02-09,114,Daniels PLC,2025-01-05,1,114,Manager,4 LPA,2025-01-30,No,Yes,9,No,68.09,55.46,184.05,3.45,0,No,10,0,Low,Waitlisted,Yes
115,Jessica Pearson,changamanda@hotmail.com,+f58sL0tm^,0,1,4ea7d1f9-b527-4ac2-bc0f-0bc2c022dd8b,115,Jose Marshall,vkramer@yahoo.com,001-333-618-9214x608,https://placekitten.com/452/947,0,SC,Master's,Richard Hodges,817.997.7006x36707,Teacher,115,Civil,5000000,4 Years,115,1,115,10000000,2025-01-21,Debit Card,115,Return factor threat fall rather sure.,Experience throughout arrive current.,115,Commerce,Valerie Ruiz,115,Denise Li,fitzgeraldjames@frazier.biz,001-971-317-1256,115,Resume,2025-01-10,/treatment/read.tiff,115,Merit Scholarship,However recent full film he cup.,26819,115,2025-02-03,115,"Cruz, Carter and Foley",2025-01-26,0,115,Intern,10 LPA,2025-01-26,Yes,Yes,0,Yes,0,99.61,6.41,3.2,4,No,2,4,Low,Waitlisted,Yes
116,Joe Ali,garcialaura@hess.com,$Lw6DIXwtb,0,0,2e0e1139-4403-439c-acd8-d1ad664dde7b,116,Gary Kim,bcook@yahoo.com,(116)730-7228x087,https://www.lorempixel.com/946/550,1,OBC,Master's,Eric Rodriguez,2833265713,Other,116,Civil,5000000,4 Years,116,1,116,10000000,2025-01-24,Debit Card,116,Ahead lay five environment go leave manage.,Everything health paper.,116,Engineering,Samuel Miller,116,Nancy Black,morrisjeremy@johnson.info,(668)475-3045x1567,116,Resume,2025-01-31,/product/example.csv,116,Need-Based,Peace run lead share project drug.,35003,116,2025-01-06,116,Garner-Price,2025-02-02,2,116,Data Analyst,100 LPA,2025-01-17,No,Yes,1,Yes,81.17,98.73,5.56,3.22,0,No,15,0,High,Accepted,Yes
117,Carla Parks,rebeccawilliams@yahoo.com,$O7GujVJ0d,1,1,461d3e2f-1e1d-4071-b700-93abf6527f74,117,Kristen Rodriguez,haroldberry@davis.biz,+1-738-761-1637x753,https://placeimg.com/536/162/any,0,SC,Master's,Brenda Bentley,(852)822-3382x95368,Doctor,117,Civil,84658,4 Years,117,0,117,10000000,2025-01-20,Debit Card,117,Before approach would group player reason.,Help enjoy feeling record speak car.,117,Science,John White,117,Daniel Adams,xcastillo@yahoo.com,109-789-7425,117,ID Proof,2025-01-30,/then/listen.html,117,Need-Based,Career anything subject trade word.,21579,117,2025-01-07,117,"Wright, Weaver and Beck",2025-02-12,0,117,Data Analyst,3 LPA,2025-01-17,No,Yes,3,No,70.69,69.51,138.68,2.04,2,No,1,2,Low,Rejected,Yes
118,Chelsea Nelson,daltonsmith@hotmail.com,8#Y1XbhXoe,1,1,ed3bc94a-b440-4d17-97ab-2f981b1f4f4b,118,Craig Jones,robertcampbell@gmail.com,616.280.5885,https://placeimg.com/427/772/any,1,ST,Master's,Kathryn Ortega,939-163-8946,Business,118,Biotech,198852,4 Years,118,0,118,40091,2025-01-24,UPI,118,Specific worry between run by.,Tell factor father always look animal.,118,Engineering,Christine Becker,118,Karen Snyder,greed@yahoo.com,830-557-3721x6027,118,Transcript,2025-02-05,/foot/fly.pages,118,Need-Based,Where image general side.,36835,118,2025-02-08,118,Shaffer-Davis,2025-01-15,0,118,Intern,11 LPA,2025-02-02,Yes,No,4,No,86.55,78.62,125.46,3.35,0,No,5,0,High,Waitlisted,Yes
119,Kristina Matthews,bibarra@gmail.com,2hZT$B1N+8,0,2,26ddff77-d9a5-45be-a0f4-e45aca794e89,119,Albert Bates,mwilliams@yahoo.com,(879)905-3606x5760,https://placekitten.com/181/724,1,ST,Bachelor's,Sonya Garrison,152-302-9107,Business,119,Computer Science,153649,4 Years,119,1,119,61130,2025-01-02,Net Banking,119,Relationship last when he can imagine.,Some maintain modern information half several hair.,119,Arts,Todd Harper,119,Brandon James,jtaylor@gmail.com,601.777.5934x7154,119,Transcript,2025-01-25,/last/education.pdf,119,Merit Scholarship,Suggest if discussion simply interest class.,500000,119,2025-01-05,119,"Johnson, Mcdowell and Bonilla",2025-01-15,0,119,Software Engineer,100 LPA,2025-01-01,Yes,No,7,Yes,83.08,94.86,40.1,3.05,2,No,1,2,Low,Rejected,Yes
120,Denise Ross DVM,jessica95@brown.com,0dD@k0QK#E,0,2,5259dccd-bebd-4adb-9f8c-b26476a4f36c,120,Brittany Meyer,jerry50@gmail.com,582.632.0263x40431,https://placekitten.com/380/779,2,SC,Bachelor's,Brittany Campbell,547-315-1176,Doctor,120,Electronics,5000000,2 Years,120,0,120,118875,2025-01-22,Net Banking,120,Decade weight bring see.,Street feeling line support.,120,Science,Thomas Contreras,120,Jason Valentine,brendawallace@gmail.com,001-719-693-1367x635,120,Transcript,2025-02-06,/hope/exist.flac,120,Sports Quota,Another late such last catch each together.,21817,120,2025-01-01,120,"Collins, Padilla and Mcgee",2025-01-16,2,120,Software Engineer,100 LPA,2025-01-23,Yes,Yes,4,No,97.7,77.58,170.9,3.1,0,No,10,0,Low,Accepted,Yes
121,Elizabeth Adams,glawrence@yahoo.com,!fdE%rlPG0,0,1,fdfaaa34-18a1-493a-b353-4ac86a5f00e7,121,Rachael Robinson,carterjohn@smith.biz,082-602-7575,https://placeimg.com/746/387/any,2,General,Master's,Carl Carter,433-399-5803x9384,Other,121,Computer Science,85608,3 Years,121,0,121,10000000,2025-01-16,UPI,121,Be indeed throw customer.,Responsibility action amount while suggest late full.,121,Arts,Douglas Jimenez,121,Alfred Shaffer,brian86@bowman.info,001-226-958-8967x1831,121,Resume,2025-01-23,/worker/detail.pptx,121,Sports Quota,Fact inside base group expert.,23105,121,2025-02-11,121,Hopkins-Vazquez,2025-01-07,0,121,Software Engineer,11 LPA,2025-01-13,No,Yes,1,Yes,62.59,62.97,69.79,3.96,2,No,10,2,Medium,Waitlisted,Yes
122,Valerie Hamilton,amanda45@odom.com,_y7H9XecM9,1,0,41c00dd0-da03-476d-a68c-a6114e74522a,122,Katie York,silvacory@osborne.org,800.950.8412,https://placekitten.com/1016/600,2,ST,High School,Aaron Freeman,187-005-7440,Business,122,Mechanical,5000000,2 Years,122,1,122,25350,2025-02-02,Debit Card,122,Clearly century show.,Price bank offer this become.,122,Science,Christopher Richards,122,Thomas Gutierrez,zporter@yahoo.com,+1-905-352-2112x0818,122,ID Proof,2025-01-11,/life/ask.html,122,Need-Based,Property herself become live.,30422,122,2025-02-13,122,Reilly-Chandler,2025-01-26,0,122,Intern,9 LPA,2025-01-25,Yes,No,5,Yes,53.04,89.9,50.63,2.84,0,Yes,13,0,Low,Accepted,Yes
123,Jason Suarez,hwalker@brown.com,XT8FWll3_n,0,2,9bea67ab-6b1f-4fe4-91de-6ed8a19cbaa0,123,Matthew White,jameswilliams@gmail.com,001-755-372-5056x238,,0,SC,High School,Joseph Brown,554-567-3981x9357,Engineer,123,Electronics,5000000,4 Years,123,1,123,78576,2025-01-13,Net Banking,123,Ever force picture city three.,Structure direction rule drop what land table kid.,123,Science,Jeffrey Holt,123,Jessica Garcia,angelasullivan@brewer-edwards.com,603-786-1487,123,ID Proof,2025-01-27,/because/rock.mov,123,Need-Based,Before add mouth perform black.,44171,123,2025-01-31,123,Henderson-Joseph,2025-01-31,0,123,Data Analyst,10 LPA,2025-01-11,No,Yes,1,No,51.05,63.08,0.49,2.03,4,Yes,7,4,Medium,Rejected,Yes
124,Michael Small,anthony91@hotmail.com,SG_25SUy&l,1,2,b5276c39-f7fc-4cab-a3e2-3e37134d2cab,124,Shawna Jacobson,angela66@hotmail.com,(479)247-5401x200,https://www.lorempixel.com/730/945,2,OBC,Bachelor's,Nicholas Johnson,732.930.4774,Teacher,124,Mechanical,5000000,2 Years,124,1,124,10000000,2025-01-30,Credit Card,124,Cover crime drug key door director hour.,Respond charge star case each.,124,Commerce,Megan Roberts,124,Richard Pratt,ohuynh@stuart-palmer.com,(213)870-7437,124,Other,2025-01-07,/coach/just.jpeg,124,Need-Based,Information daughter edge behavior court term but.,500000,124,2025-02-10,124,Brooks Inc,2025-01-07,2,124,Manager,100 LPA,2025-01-12,No,No,1,Yes,68.77,86.33,30.67,2.62,2,Yes,10,2,Medium,Rejected,Yes
125,Willie Williams,alexander59@moore-hendricks.org,#)HTpViNO1,1,0,6d7b3247-6368-447f-b942-dbb9e963673e,125,Mike Murphy,smithrobert@chavez-miller.com,(430)825-6753,https://www.lorempixel.com/925/919,2,ST,PhD,Jason Neal,(797)506-2015x262,Other,125,Computer Science,5000000,3 Years,125,1,125,58305,2025-02-08,Net Banking,125,Medical baby traditional expect.,Hair model production reason.,125,Science,Deborah Murphy,125,Melissa Powell,danielle25@yahoo.com,021.909.8403,125,Transcript,2025-01-23,/guess/play.html,125,Merit Scholarship,Room turn her sure decade industry.,15167,125,2025-01-27,125,"Burke, Galloway and Olsen",2025-01-15,1,125,Software Engineer,6 LPA,2025-02-05,Yes,No,4,Yes,92.86,80.2,75.15,2.91,3,Yes,14,3,Low,Accepted,Yes
126,Elizabeth Ayala,dbarron@gmail.com,^!7LTCjku$,1,1,38d1599b-28aa-47eb-ad78-e3ad96a441eb,126,Christopher Wheeler,randyblackwell@yahoo.com,+1-547-615-3232x9013,https://dummyimage.com/538x778,0,OBC,PhD,Austin Anderson,+1-946-542-5045x21701,Engineer,126,Computer Science,67826,4 Years,126,1,126,10000000,2025-01-17,Net Banking,126,Get experience although agree represent culture four.,Entire detail budget bar picture.,126,Commerce,Michael Pruitt,126,Steven Lutz,douglas02@yahoo.com,031.207.7066,126,ID Proof,2025-01-29,/piece/film.csv,126,Merit Scholarship,Miss fact example eye.,500000,126,2025-01-18,126,"Hamilton, George and Washington",2025-02-03,0,126,Data Analyst,100 LPA,2025-01-08,Yes,No,0,Yes,94.06,60.17,90.02,3.5,0,No,2,0,Medium,Accepted,Yes
127,Melissa Smith,,L9k_2Jz@RP,1,1,eb790f84-4616-476c-8619-b8b8668c0546,127,Sandra Burns,stevenwilliams@davis.com,2109658634,https://www.lorempixel.com/484/977,1,OBC,Bachelor's,Jordan Butler,604-584-3021x66828,Teacher,127,Civil,147487,3 Years,127,0,127,73027,2025-01-14,UPI,127,Task political student hand for.,Continue there three heavy parent recent level.,127,Engineering,Robert Carter,127,Alexander Trevino,rogerdavis@yahoo.com,110.277.3209x6838,127,Other,2025-02-11,/family/cultural.docx,127,Merit Scholarship,Of show actually receive current paper newspaper.,500000,127,2025-01-31,127,Graham-Black,2025-01-09,2,127,Data Analyst,100 LPA,2025-01-12,No,No,6,No,86.7,57.55,105.58,3.71,1,No,17,1,High,Accepted,Yes
128,Michelle Rodgers,laurencook@hoffman.org,(9Ng4+d_DK,1,1,9556c7b9-2334-4452-9f86-9c1a69859459,128,Keith Sanchez,justinrichmond@hotmail.com,001-361-689-3288x848,https://www.lorempixel.com/850/599,2,ST,High School,Rachel Williams,001-238-628-5077x037,Doctor,128,Electronics,5000000,3 Years,128,0,128,10000000,2025-01-01,Debit Card,128,Always provide talk born article matter.,Smile forward he give boy our.,128,Engineering,Amanda Terry,128,Madeline Keith,jesusbeard@coleman.org,(093)600-2809x07171,128,Other,2025-01-06,/whom/attack.wav,128,Need-Based,Eat well rich boy owner.,36217,128,2025-02-07,128,"White, Nolan and Dawson",2025-01-27,0,128,Intern,100 LPA,2025-02-08,No,Yes,1,No,62.26,90.01,141.42,3.44,1,No,17,1,High,Waitlisted,Yes
129,Jared Dunn,caitlynsnyder@gmail.com,0f@1DYzHHK,0,0,1dcf1753-da89-4042-9ac5-8d67218f9416,129,Angela Thomas,ruizbrandon@gmail.com,087-842-4069x19203,https://dummyimage.com/766x381,2,General,PhD,Wendy Gibbs,3312184311,Business,129,Civil,77566,4 Years,129,1,129,10000000,2025-02-12,UPI,129,Friend that stand resource art young someone.,Between ball audience fine cost police nothing.,129,Commerce,Joshua Rodriguez,129,John Daniels,vcaldwell@holland.org,001-126-286-7761x743,129,ID Proof,2025-01-10,/card/situation.webm,129,Merit Scholarship,Tend world real security decision yeah bag thing.,500000,129,2025-01-03,129,Reeves-Hardy,2025-02-01,1,129,Manager,100 LPA,2025-02-02,Yes,No,7,No,69.53,70.95,110.47,3.36,4,No,12,4,Low,Rejected,Yes
130,Tom Hopkins,meyercameron@finley-shelton.com,Wo2)U9PbKo,0,0,1dc52ba9-baa0-4fa0-8049-ede6708f99a8,130,Brandy Owens,beth84@gmail.com,893.500.9619,https://placeimg.com/570/540/any,0,OBC,Bachelor's,Robert Smith,+1-534-003-2794x82447,Doctor,130,Civil,75344,4 Years,130,1,130,129981,2025-02-10,Credit Card,130,Leave before response professor local.,Guess start base start century bar Republican wait.,130,Engineering,Marie Knox DVM,130,Christian Deleon,slambert@yahoo.com,666-039-6732,130,ID Proof,2025-01-29,/song/air.pdf,130,Need-Based,Write receive someone stock order training stop.,20606,130,2025-01-28,130,Pacheco-Morris,2025-01-24,0,130,Intern,100 LPA,2025-01-26,No,Yes,3,Yes,93.54,98.24,156.05,2.28,0,No,19,0,Low,Rejected,Yes
131,Gregory Martinez,john61@friedman.com,dxRrXs2c%2,1,2,4e12a238-1da4-4079-83b2-34350c02c024,131,Laura Johnson,brittany21@hotmail.com,(819)063-1581x01771,,2,OBC,Master's,Kyle Jefferson,+1-162-086-2573x0985,Business,131,Civil,5000000,3 Years,131,1,131,36453,2025-01-04,Credit Card,131,Effort economy past thousand would.,Voice black nature continue it to bed.,131,Commerce,Allison Allen,131,Danielle Klein,ywells@wilson-davis.com,(127)305-7021,131,ID Proof,2025-01-07,/product/seven.odt,131,Sports Quota,The worry support process sit.,31944,131,2025-01-08,131,"Klein, Santos and Ford",2025-01-20,1,131,Software Engineer,100 LPA,2025-01-29,Yes,No,1,No,60.82,57.09,150.77,2.28,1,Yes,13,1,Low,Rejected,Yes
132,Nicholas Brown,simsmarissa@fisher.com,x7TKxq0m_q,1,0,aecf0644-4f3e-4bba-a3e6-c9c6eafe55bf,132,Melissa Stevens,lblack@gmail.com,265-296-4419x0031,https://placeimg.com/320/428/any,1,ST,Bachelor's,Ryan Walker,084-086-6907,Engineer,132,Computer Science,73123,4 Years,132,0,132,10000000,2025-01-26,Credit Card,132,Point tree throughout ahead involve soon watch.,Force evidence any building can garden.,132,Engineering,Jessica Carson,132,Diane Underwood,williemiller@hotmail.com,+1-977-584-5723,132,ID Proof,2025-02-10,/share/size.doc,132,Need-Based,Must everybody culture good institution.,500000,132,2025-01-13,132,Peters-Lewis,2025-01-29,0,132,Software Engineer,7 LPA,2025-01-26,No,No,6,Yes,56.74,67.24,44.3,3.38,5,Yes,11,5,High,Waitlisted,Yes
133,Joseph Jones,,%o^5M@Ua&2,1,0,93f94e42-a022-48b7-b25f-436b70b8f35d,133,Andrew Franco,adam54@davis.org,924.330.0919,,1,OBC,PhD,Joseph Adams,775-770-8862x584,Doctor,133,Computer Science,5000000,2 Years,133,0,133,10000000,2025-01-24,Net Banking,133,Teacher result style manager.,Will writer yeah give.,133,Engineering,Michelle Benitez,133,Barry Lewis,dakota33@yahoo.com,(790)177-8223x78375,133,Other,2025-01-28,/design/shoulder.mp3,133,Sports Quota,Like seem receive budget feel day suggest.,11364,133,2025-02-11,133,"Evans, Finley and Morales",2025-01-13,0,133,Data Analyst,100 LPA,2025-02-04,No,Yes,8,Yes,58.45,67.59,12.5,3.28,4,Yes,19,4,Medium,Waitlisted,Yes
134,Christopher Galloway,porternancy@richardson.com,CZ61V3pn^F,1,0,cb98072b-f1b5-41fa-8ea5-0ca31a501393,134,James Brown,jonesvirginia@hotmail.com,437-806-3242x8221,https://www.lorempixel.com/262/968,0,SC,Master's,Larry Moore,001-341-781-8932x9569,Engineer,134,Computer Science,154149,4 Years,134,1,134,134056,2025-01-12,Debit Card,134,Wish yeah offer open similar.,Age large see man.,134,Commerce,Willie Jones,134,Allison Rivera,wwilson@hotmail.com,+1-763-381-8619x46788,134,Resume,2025-01-27,/identify/try.numbers,134,Need-Based,Look would successful magazine west.,26057,134,2025-01-05,134,Parker and Sons,2025-01-09,1,134,Software Engineer,6 LPA,2025-01-10,No,No,0,Yes,67.82,98.94,39.32,2.98,5,Yes,3,5,Medium,Rejected,Yes
135,John Benson,,L^bAb1JvHb,0,2,bf594a14-213f-40d2-84ac-7c615845f93a,135,Mathew Moreno,davidmcmahon@gmail.com,283.350.5115x8406,https://placekitten.com/269/618,0,ST,PhD,Alan Pena,694123977,Business,135,Computer Science,5000000,2 Years,135,1,135,10000000,2025-01-04,Credit Card,135,Role per ten society rest.,Four assume policy summer citizen bill.,135,Commerce,Ryan Dawson,135,Brian Bennett,yclayton@miller.net,634.935.7825x5759,135,Other,2025-01-12,/develop/artist.avi,135,Merit Scholarship,Even happen foot film both against trip.,500000,135,2025-01-29,135,Peterson-Black,2025-01-05,1,135,Data Analyst,12 LPA,2025-02-04,Yes,Yes,3,Yes,95.96,78.71,183.98,2.7,4,No,19,4,High,Waitlisted,Yes
136,Tony Carter,olivia10@hotmail.com,p9Re9$OL)1,1,2,f60486c3-2973-4c12-91dc-68dfd9ca5813,136,James Hernandez,jacqueline10@reyes.com,001-572-489-9247x344,https://placeimg.com/368/478/any,1,SC,Master's,Jordan Pollard,289.658.7373x53353,Engineer,136,Computer Science,60500,2 Years,136,0,136,65842,2025-01-06,Debit Card,136,Out capital themselves until detail blood help.,Generation and push professor join defense tough.,136,Commerce,Michelle Hays,136,Brett Curtis,michael77@mullen.com,247-831-6128,136,Transcript,2025-02-03,/prove/eye.wav,136,Need-Based,Others civil pick attack someone.,500000,136,2025-02-12,136,"Wright, Johnson and Berg",2025-01-01,0,136,Intern,3 LPA,2025-01-05,Yes,No,8,No,87.46,71.53,26.54,3.82,4,Yes,14,4,Medium,Accepted,Yes
137,Christy Scott,hthomas@bates-smith.com,+q81ChXcFw,0,0,e7636c3f-00ab-47ad-b394-180e0171f897,137,Steven Curry,destiny91@hotmail.com,+1-976-317-6032x112,https://dummyimage.com/795x964,1,SC,PhD,Carlos Robinson,4067330896,Teacher,137,Civil,5000000,4 Years,137,1,137,57888,2025-01-14,Net Banking,137,Expert believe society home writer strategy follow.,Loss avoid card time state day side politics.,137,Commerce,Elizabeth Lee,137,Margaret Benton,jasmine60@wang.biz,406-552-7368x41229,137,Transcript,2025-01-27,/hour/really.xlsx,137,Need-Based,Serve season evening now strategy rock them.,500000,137,2025-01-31,137,"Winters, Farrell and Dominguez",2025-02-08,2,137,Data Analyst,100 LPA,2025-01-10,Yes,Yes,3,No,84.49,95.55,103.13,2.24,5,No,19,5,Low,Waitlisted,Yes
138,John Stone,afarrell@clark-hines.com,((8WgQm7yr,1,2,b56db9d5-f791-41b0-ac41-e62457bc93fa,138,Katherine Lopez,bsimmons@jackson.com,001-602-416-4838,https://placeimg.com/59/91/any,0,SC,Master's,Jennifer Flowers,440.374.5056x9514,Teacher,138,Mechanical,76623,4 Years,138,0,138,10000000,2025-01-17,Debit Card,138,Soldier base how prove.,Continue social foot item character.,138,Engineering,Pamela Tapia,138,Michael Gray,bgarcia@bishop.info,001-426-413-9197x019,138,Resume,2025-01-02,/teacher/recognize.mp3,138,Sports Quota,Benefit later begin effect.,21136,138,2025-02-09,138,Villegas Ltd,2025-02-05,2,138,Data Analyst,100 LPA,2025-01-28,No,Yes,9,Yes,63.29,81.73,195.79,2.78,1,Yes,7,1,Low,Accepted,Yes
139,Cristina Gallegos,jamesjohnson@gutierrez-green.com,+bTOitxTs6,1,0,ea1d8e82-424d-4ead-a28c-7ac7e323b595,139,Matthew Blevins,yhamilton@boyle-hubbard.info,+1-610-504-1594x811,https://www.lorempixel.com/83/908,0,SC,Master's,Sandra Martin,639-761-3716x5202,Teacher,139,Computer Science,5000000,3 Years,139,0,139,28351,2025-01-10,UPI,139,Road here notice no.,Expert ask run prevent her there.,139,Engineering,Lori Smith,139,Michael Miller,james61@taylor.biz,+1-719-846-1634,139,Other,2025-02-12,/size/carry.js,139,Merit Scholarship,Five small forget tell quality.,500000,139,2025-01-27,139,Chambers-Brennan,2025-01-28,2,139,Data Analyst,7 LPA,2025-02-05,No,No,9,No,56.75,NULL,23.31,3.23,4,No,0,4,Low,Accepted,Yes
140,Jason Lloyd,seangarcia@randolph.org,1&t9VIRgWC,1,0,83ede1d3-0995-4695-a8da-21af8adfb3b1,140,Gary Johnson,gmoran@johnson.com,122-545-7997,https://dummyimage.com/519x667,2,OBC,High School,Caroline Owens,+1-855-162-7314x564,Other,140,Computer Science,5000000,4 Years,140,1,140,10000000,2025-02-07,Debit Card,140,Idea down during step thousand former.,Leader price significant great our attention check.,140,Science,Patricia Stokes,140,Kaylee Campbell,frankrichardson@yahoo.com,(155)806-9148,140,ID Proof,2025-01-24,/visit/citizen.css,140,Need-Based,Create method operation allow school party wife.,500000,140,2025-01-18,140,Osborne-Travis,2025-02-13,0,140,Software Engineer,12 LPA,2025-01-27,No,No,8,No,56.96,94.47,65.77,3.07,0,No,8,0,High,Rejected,Yes
141,Christine Osborn,navarrocourtney@moore.com,pvXd(ia*^5,0,0,559a0a2f-4925-42bf-b70d-585d3bb7f79a,141,Samuel Burton,nathan40@cervantes-taylor.com,+1-189-429-7337x649,https://placeimg.com/175/245/any,0,ST,High School,William Young,(446)748-2328,Other,141,Biotech,100447,3 Years,141,0,141,10000000,2025-01-31,UPI,141,Behavior enter very sure.,Station boy management add another whether soon.,141,Science,Diana Holland,141,Thomas Parsons,brian71@baker.com,115-339-3137,141,Other,2025-01-28,/teach/race.wav,141,Sports Quota,Create art certain front.,500000,141,2025-02-12,141,Mcdaniel Inc,2025-02-13,2,141,Manager,9 LPA,2025-02-05,Yes,Yes,5,Yes,55.86,55.35,189.66,3.8,0,Yes,12,0,Low,Rejected,Yes
142,Stephanie Li,benjaminlewis@yahoo.com,9y#W@RC+!5,1,0,745e8dee-53b9-4036-ba21-b76c747e9a51,142,Dr. Thomas Bradley DDS,ian68@gmail.com,1206095569,https://placeimg.com/751/742/any,2,ST,PhD,Jacqueline Anderson,123.702.9403x53156,Doctor,142,Electronics,52717,4 Years,142,0,142,10000000,2025-01-02,Credit Card,142,None particular through pattern care employee owner.,Media tree word environmental.,142,Commerce,David Walsh,142,Brandi Brown,kthompson@olsen.com,452-590-7238x04290,142,Other,2025-01-27,/involve/market.pptx,142,Sports Quota,Stock environment somebody wait.,500000,142,2025-01-08,142,Ramirez-Robinson,2025-02-01,0,142,Manager,100 LPA,2025-02-02,Yes,No,9,Yes,88.42,57.56,125.08,3.77,3,No,9,3,High,Accepted,Yes
143,James Mcdaniel,willie89@hotmail.com,di*p3Ppzfh,0,1,97db7673-7698-4b8a-b214-ea589f8ac584,143,Diane Buckley,stephaniemiller@yahoo.com,651.926.0744x94745,https://placekitten.com/207/423,2,ST,Master's,Hayden Lawrence,7918633035,Engineer,143,Mechanical,5000000,4 Years,143,0,143,91519,2025-01-04,Credit Card,143,Pm imagine fly grow effort work energy.,Network free police like.,143,Science,Ernest Curry,143,Charles Boyle,russoronald@james-gonzales.com,+1-056-999-8809x781,143,ID Proof,2025-01-03,/Republican/fund.jpeg,143,Merit Scholarship,Career society scene catch.,16699,143,2025-01-08,143,Henson-Gray,2025-01-14,2,143,Manager,12 LPA,2025-01-16,No,Yes,8,Yes,55.09,50.92,107.68,2.15,5,Yes,15,5,Low,Rejected,Yes
144,Michael Gonzales,henrypeter@yahoo.com,*(AAranO$5,0,1,895e1551-5d38-4462-b15f-8a3983f01a4a,144,Brian Lee,sfarrell@bridges.info,+1-829-274-0958x6792,https://www.lorempixel.com/704/499,1,OBC,PhD,John Wilson,+1-302-963-2856x5449,Engineer,144,Electronics,119364,4 Years,144,0,144,80108,2025-02-03,Debit Card,144,Break leg agent expect.,Girl direction its number.,144,Arts,Nicholas Perez,144,John Baker,christopher94@duncan.com,404.639.7756,144,Resume,2025-01-27,/stop/whether.html,144,Sports Quota,Position politics property cup evening determine.,26657,144,2025-02-03,144,"Hunter, Mcgee and Miller",2025-02-07,1,144,Manager,12 LPA,2025-02-01,Yes,No,1,Yes,NULL,89.8,62.74,2.75,3,Yes,9,3,Low,Waitlisted,Yes
145,Melissa Bell,marilyn75@gmail.com,0c$bH7Jk*8,0,1,3edae776-3933-459c-972c-36e6f35c56df,145,Melissa Armstrong,lewisjohn@yahoo.com,001-915-351-5149x509,https://dummyimage.com/559x765,2,SC,Bachelor's,Darrell Baldwin,548-436-0472,Other,145,Mechanical,59542,2 Years,145,1,145,127340,2025-01-10,Debit Card,145,Either voice including beat college difficult machine environmental.,Certainly assume fish design.,145,Arts,Barbara Cunningham,145,Andrew Meyers,kellie43@gmail.com,001-338-491-1822x03083,145,Other,2025-01-29,/four/black.tiff,145,Sports Quota,Pick degree base already short remember inside.,500000,145,2025-01-29,145,"White, Butler and Wilson",2025-01-07,2,145,Intern,9 LPA,2025-01-25,Yes,Yes,2,Yes,NULL,74.93,179.51,3.57,1,Yes,17,1,High,Waitlisted,Yes
146,Eddie Cox,cschneider@fitzgerald-flores.com,w6#3Yv9i48,1,1,84f28b41-0b21-492d-bf40-97ebbff3b8ee,146,April Valdez,davissean@yahoo.com,(299)106-3161x752,https://www.lorempixel.com/525/817,1,ST,Master's,Deborah Rice,422.016.6483,Doctor,146,Biotech,169374,2 Years,146,0,146,170442,2025-01-31,Credit Card,146,Success ago program movement skill provide as.,Pretty control four may church staff matter.,146,Science,Melissa Martin,146,Peter Pugh,bsims@gray-erickson.biz,674-988-2489x651,146,ID Proof,2025-01-12,/animal/tell.jpg,146,Merit Scholarship,Identify question today other.,19490,146,2025-02-04,146,Moore-Morris,2025-01-30,2,146,Software Engineer,100 LPA,2025-01-24,No,No,5,No,87.47,62.86,156.72,3.74,2,Yes,17,2,Low,Waitlisted,Yes
147,Kristine Johnson,ahouston@hotmail.com,(9@*3PErsy,0,2,cce77dc8-6fd9-4840-90a0-491f10ab5298,147,Bobby Collier,wrightandrea@palmer-woodward.info,+1-723-563-6494x71572,,2,General,Bachelor's,Deanna Gray,986.689.1663x3361,Teacher,147,Electronics,5000000,3 Years,147,0,147,74748,2025-02-12,Net Banking,147,New everything will around though population high.,Table receive large bag win.,147,Arts,Billy Lara,147,Travis Weiss,sarahenderson@yahoo.com,(782)092-1228,147,Resume,2025-01-24,/until/claim.webm,147,Merit Scholarship,Few few a college attack medical.,500000,147,2025-01-24,147,Evans-Benson,2025-01-08,2,147,Software Engineer,8 LPA,2025-01-11,No,Yes,8,No,67.07,75.5,145.58,3.41,2,No,11,2,Medium,Waitlisted,Yes
148,Samuel Hinton,jeffrey18@yahoo.com,&9nUPHnS)&,1,0,d55fe9fe-e6f7-418f-8a0d-013d357ed85c,148,Michelle Nixon,daryl77@mills.info,(201)560-9424x3473,,2,General,PhD,George Smith,001-670-296-4933x0165,Engineer,148,Civil,173349,4 Years,148,0,148,15896,2025-01-06,Net Banking,148,Why yard less dream campaign find half.,Store suffer probably great whatever.,148,Science,Julie Garcia,148,Dawn Bell,susan70@james.com,(079)195-0903x4043,148,Transcript,2025-02-10,/write/professor.webm,148,Sports Quota,Reduce special indicate.,34122,148,2025-01-18,148,Smith-Chapman,2025-01-17,1,148,Intern,10 LPA,2025-01-20,No,Yes,6,No,94.93,85.35,123.35,2.55,3,No,10,3,High,Accepted,Yes
149,Jordan Brown,michael03@ramos-flowers.com,($4)AeLpvH,1,2,bbfd9945-a587-42cd-b0cd-b2026c82a771,149,Lori Lewis,katherine01@baker.com,455.411.2889x99614,https://dummyimage.com/377x568,0,General,Master's,Morgan Mendoza,(064)679-9727,Doctor,149,Electronics,5000000,4 Years,149,1,149,120330,2025-01-17,Debit Card,149,Among lose their fire event its.,Performance teach help energy cover though.,149,Science,Jennifer Harrell,149,Anna Cooper,cprice@cook-berry.biz,548.093.1502,149,Transcript,2025-01-04,/what/cultural.js,149,Merit Scholarship,The live table fear author front lose.,43117,149,2025-01-11,149,Torres-Flores,2025-01-17,1,149,Software Engineer,5 LPA,2025-01-06,No,No,,No,78.5,77.93,140.2,3.1,2,Yes,7,2,Medium,Accepted,Yes
150,Pamela Ramos,tiffany27@hotmail.com,$7G$YYOaf9,1,2,8d0f8882-ae0a-486d-af94-efa9607d184b,150,Jason Gilmore,austinpatton@yahoo.com,001-807-902-1865x106,https://www.lorempixel.com/288/534,2,OBC,PhD,Mark Terrell,+1-450-475-4114x56175,Other,150,Civil,142680,4 Years,150,1,150,10000000,2025-01-02,Debit Card,150,Fight happy agree week western knowledge record north.,Soon step find great sport huge.,150,Science,Kelly Carpenter,150,Patricia Lozano,kyle24@whitehead.info,(196)732-3813x844,150,Resume,2025-01-16,/stock/executive.pdf,150,Merit Scholarship,Goal training through.,45579,150,2025-01-27,150,Gonzalez-Berry,2025-01-14,2,150,Data Analyst,9 LPA,2025-01-26,Yes,Yes,9,No,67.21,88.6,124.15,2.39,5,No,5,5,High,Waitlisted,Yes
151,Cassandra Bautista,gmartinez@hotmail.com,W!85tSOa%9,1,0,dad34c40-2f93-4785-a388-e658f61b97be,151,Alexander Roberts,fritzjulie@yahoo.com,(837)094-1870x592,https://www.lorempixel.com/918/249,2,OBC,Master's,James Logan,073-561-4007x0385,Engineer,151,Mechanical,5000000,3 Years,151,1,151,45976,2025-01-26,Debit Card,151,Production great language.,Central audience particular lay technology only school.,151,Science,Brandy Vaughn,151,Robin King,brianalyons@hotmail.com,073.946.7252x35687,151,ID Proof,2025-02-01,/explain/brother.txt,151,Sports Quota,Sea around himself themselves on.,500000,151,2025-02-11,151,Williams Inc,2025-01-10,1,151,Data Analyst,11 LPA,2025-01-30,No,Yes,9,Yes,69.87,87.84,120.81,2.75,0,Yes,18,0,Low,Waitlisted,Yes
152,Christina Jones,hernandezmandy@singh.com,FUG2BmSk+r,1,0,658b65b3-238e-4fb3-b9c8-bfaa42f2bba5,152,Patricia Wright,scottcrosby@hooper.com,(455)962-1123,https://placeimg.com/612/234/any,1,OBC,High School,Brooke Tucker,+1-557-141-7883,Business,152,Mechanical,5000000,3 Years,152,0,152,71445,2025-01-16,Debit Card,152,All shake economy.,Including just make majority occur race arm down.,152,Science,Michelle Gallagher,152,Deborah Bartlett,william58@evans.com,(305)167-8759x165,152,ID Proof,2025-01-22,/just/player.gif,152,Sports Quota,Scientist ability health manager away whom.,48813,152,2025-01-02,152,"Gregory, Miller and Shaw",2025-02-10,2,152,Intern,100 LPA,2025-01-26,Yes,No,0,Yes,77.73,95.96,123.11,2.31,2,Yes,9,2,High,Accepted,Yes
153,James Brown,rryan@hotmail.com,p6ZQs!bF)H,0,1,17f267e4-a32b-494b-8614-fc76d1a6926c,153,Eric Baldwin,imaddox@hotmail.com,+1-305-650-9702x0076,https://www.lorempixel.com/994/641,2,OBC,Bachelor's,Shawn Foster,429-573-0477x91090,Other,153,Civil,5000000,4 Years,153,1,153,10000000,2025-01-24,Debit Card,153,Tend new door add.,Deep sometimes since include drop.,153,Commerce,Anthony Long,153,Jason Williamson,ogiles@rodriguez-freeman.com,2885790568,153,Transcript,2025-02-01,/require/spend.css,153,Need-Based,Where painting wait responsibility speech individual street president.,500000,153,2025-01-10,153,Baker-Acevedo,2025-02-01,2,153,Intern,100 LPA,2025-01-04,No,No,6,Yes,70.07,81.33,79.85,3.86,3,No,5,3,High,Accepted,Yes
154,Brenda Smith,esimmons@le-roth.info,_mZjAp$w81,0,0,76ef2942-48fd-4c55-91bd-f11dfc4c19f5,154,Jason Wilson,erobertson@clark.com,001-970-520-0358x202,,0,General,High School,Theresa Acosta,(482)497-5809x202,Teacher,154,Biotech,5000000,2 Years,154,1,154,136374,2025-01-17,Credit Card,154,Detail finally sense miss occur.,Billion reflect four on.,154,Commerce,Mariah Mcguire,154,Donald Padilla,thomas97@barker-brown.net,+1-522-568-3954x09807,154,ID Proof,2025-01-27,/black/suggest.png,154,Need-Based,Democrat ahead listen best dark strategy two.,500000,154,2025-01-31,154,Parker Inc,2025-01-30,0,154,Software Engineer,100 LPA,2025-01-29,Yes,Yes,8,No,55.21,66.48,192.63,3.36,0,Yes,5,0,Medium,Accepted,Yes
155,Thomas Smith,patelmakayla@smith.org,*p8WqPbngZ,1,0,9caf3a8e-fbbb-4758-94c3-efb050fd2eaf,155,Donald Thomas,fowens@hotmail.com,001-209-781-6834x9404,https://placekitten.com/517/120,1,ST,High School,William Gould,+1-071-113-8938x21757,Other,155,Electronics,5000000,3 Years,155,1,155,95922,2025-01-06,Net Banking,155,Middle already up but save two next.,Congress idea specific finally increase painting black.,155,Engineering,Jonathan Martin,155,Kayla Mullins,karlsanchez@yahoo.com,743.978.9281,155,Other,2025-01-16,/mention/themselves.ppt,155,Sports Quota,Occur may east relate.,21982,155,2025-01-14,155,Campos-Sanders,2025-02-08,2,155,Intern,8 LPA,2025-01-30,Yes,Yes,9,Yes,74.47,69.12,4.83,3.63,3,No,7,3,Low,Waitlisted,Yes
156,Christopher Harmon,wheelerandres@warner-bailey.com,JbWV(0Zh$(,1,2,a756a679-ba6f-471b-9056-dfdcd191ac5b,156,Justin Mills,istark@morales.com,480.097.9588,,2,SC,Master's,Samuel Dean,+1-783-389-0053x4401,Business,156,Computer Science,102128,3 Years,156,0,156,36538,2025-02-01,UPI,156,Tend up card question play skin commercial.,Bring lose my eight.,156,Commerce,Christopher Lopez,156,Maria Kim,patrickclark@yahoo.com,987-222-0902x71554,156,Other,2025-01-16,/safe/response.json,156,Need-Based,Shoulder serious in Republican claim do.,13882,156,2025-01-11,156,Baldwin Ltd,2025-01-09,0,156,Software Engineer,100 LPA,2025-01-01,Yes,Yes,5,Yes,76.29,50.61,148.46,2.35,3,No,18,3,Low,Accepted,Yes
157,Angela Tucker,,3@kpN4_R(j,1,2,d6546034-7389-4e41-9607-4795b117f4f6,157,Joseph Graves,jharris@peterson.org,369-600-0410,https://placeimg.com/872/751/any,0,General,High School,Kathleen Yu,037.178.4843,Doctor,157,Mechanical,5000000,3 Years,157,1,157,140132,2025-01-19,Debit Card,157,Small three use campaign anyone.,Identify see responsibility candidate officer.,157,Arts,Michael Rivera,157,Randy Jackson,rguzman@hotmail.com,564.361.8017,157,Resume,2025-01-07,/view/daughter.mov,157,Need-Based,North here car member among doctor.,500000,157,2025-01-08,157,Chen and Sons,2025-02-07,1,157,Software Engineer,100 LPA,2025-02-04,No,No,0,Yes,89.83,58.35,3.19,2.43,2,Yes,2,2,High,Accepted,Yes
158,Sarah Williams,jillian03@hotmail.com,4(8npUUi&A,1,2,3b7d98c3-1c72-4720-b753-ef6f390f0f10,158,Ashley Osborn,victoriacoleman@gmail.com,+1-790-055-7275x36693,https://www.lorempixel.com/858/447,1,SC,Bachelor's,Stephen Riggs,(779)115-4716x0718,Other,158,Computer Science,5000000,4 Years,158,0,158,10000000,2025-01-24,Debit Card,158,Air rich today Democrat model begin commercial.,Response start realize speech like drop.,158,Science,Joseph Carter,158,Kara Smith,mark57@yahoo.com,8436411087,158,Other,2025-01-15,/building/dinner.mov,158,Sports Quota,Rule step entire.,10479,158,2025-02-02,158,Whitehead Inc,2025-02-05,2,158,Software Engineer,100 LPA,2025-02-12,No,Yes,3,No,73.55,56.45,192.44,2.02,3,No,5,3,Medium,Rejected,Yes
159,,whamilton@schwartz.biz,%^z4fVtI2&,1,0,8fe17ddf-b856-41a3-819d-b7626cda1399,159,Jennifer Rodgers,brittanybarrett@ayers.com,(977)132-2387x18060,https://placekitten.com/24/467,1,SC,High School,Kayla Blackwell,(828)006-9782x621,Teacher,159,Electronics,5000000,4 Years,159,1,159,10000000,2025-02-05,Debit Card,159,Let born necessary American.,Kind feel season area item.,159,Science,Alexis Clark,159,Annette Ellis,wcampbell@elliott-george.com,230-455-2889,159,Resume,2025-01-02,/thing/turn.wav,159,Merit Scholarship,See alone fast this.,15182,159,2025-02-03,159,Mahoney-Perez,2025-01-07,0,159,Manager,3 LPA,2025-01-25,No,Yes,2,Yes,76.14,85.65,149.46,2.53,2,No,13,2,High,Waitlisted,Yes
160,James Williamson,carrkatelyn@fuller.com,$bRzL&p!25,1,0,658e937a-d175-4da8-b16b-714c3c818082,160,Stephanie Moyer,gomezbrendan@anderson.info,001-396-832-3713,https://placekitten.com/786/43,2,ST,High School,Michael Acosta,460.591.5553x75498,Other,160,Civil,113489,2 Years,160,0,160,10000000,2025-02-12,UPI,160,Bit test security face.,Teacher loss single age the born.,160,Engineering,Joshua Morris,160,Sally Huang,shieldsmichael@hotmail.com,238.864.4197,160,Resume,2025-01-11,/dream/attention.avi,160,Merit Scholarship,Arm large without help travel again.,500000,160,2025-01-21,160,Frederick-Johnson,2025-01-12,0,160,Software Engineer,100 LPA,2025-01-04,Yes,No,2,Yes,0,81.04,131.72,3.58,5,Yes,11,5,Low,Rejected,Yes
161,Melinda Adams,kellyevans@yahoo.com,WqK7OWrW_q,1,0,7cd751d8-478a-459c-86cd-7ec0d840fd52,161,Ashley Thompson,victoria32@yahoo.com,(771)653-6988,https://dummyimage.com/114x896,1,SC,PhD,Jessica Johnson,120-201-6342,Other,161,Computer Science,5000000,2 Years,161,1,161,164418,2025-02-09,Credit Card,161,All see those no degree tell.,Team Congress including might.,161,Engineering,Vicki Gray,161,Ruben Davis,maxwellhenderson@rivera-lewis.net,(509)460-1088,161,Resume,2025-02-12,/Mrs/huge.xls,161,Merit Scholarship,Suddenly car idea somebody standard here.,500000,161,2025-01-14,161,"Phillips, Hart and Wells",2025-01-25,2,161,Manager,100 LPA,2025-01-09,No,Yes,3,No,51.26,77.74,47.17,3.6,4,No,16,4,High,Waitlisted,Yes
162,Brady Barnes,dixonandrew@hotmail.com,_A^6tZtVQA,1,0,cf5f872b-5e12-4340-b7b4-ec40e0374e52,162,Victoria Bailey,chavezmichael@yahoo.com,649.475.5148,https://www.lorempixel.com/858/558,1,General,Master's,Ernest Gregory,191.725.6065,Teacher,162,Civil,152182,3 Years,162,1,162,109123,2025-01-01,Net Banking,162,Minute plant yourself after citizen heart by effort.,Fact should paper machine.,162,Engineering,Angela Moore,162,Sarah Morales,darrellwinters@thomas-hanson.com,001-612-385-0791x20415,162,Resume,2025-02-05,/specific/should.jpg,162,Merit Scholarship,Bring since someone various field go many to.,27849,162,2025-02-10,162,Santiago-Murillo,2025-02-06,1,162,Manager,100 LPA,2025-02-09,Yes,Yes,1,Yes,67.12,50.59,174.28,2.15,2,No,16,2,Medium,Waitlisted,Yes
163,Elizabeth Flores,deborahfry@yahoo.com,*1WfSc!sqf,1,2,bf749855-1e05-4b57-8147-da72de0e8239,163,William Williams,johnsonwilliam@gmail.com,(706)197-9468,https://dummyimage.com/566x305,2,ST,Master's,James Hernandez,(037)354-4731x017,Business,163,Mechanical,135510,3 Years,163,0,163,133197,2025-02-13,Credit Card,163,Do thank interview scientist quite build spring.,Like story upon performance through like.,163,Engineering,Brandon Mcintyre,163,Andrew Martinez,gallegosdenise@walton.com,(452)867-6844,163,Other,2025-01-18,/western/thousand.bmp,163,Sports Quota,Civil yard improve rise.,500000,163,2025-02-10,163,"Arnold, James and Baxter",2025-02-04,2,163,Manager,9 LPA,2025-01-11,Yes,Yes,0,Yes,55.42,89.68,94.53,3.96,5,Yes,1,5,Medium,Accepted,Yes
164,Kaitlyn Brown,susan64@gmail.com,w&#7M9tIi),0,0,7930785c-0fca-4895-a49a-901b9e4803b5,164,Mary Moore,eking@hotmail.com,809.274.3248x350,https://placeimg.com/231/487/any,1,ST,PhD,Jill Rodriguez,605-698-0509,Business,164,Electronics,117167,3 Years,164,0,164,55182,2025-01-11,Debit Card,164,Should maybe everybody why.,Mouth able end eight fall short.,164,Arts,Sarah Lewis,164,Victoria Rivera,kara64@gmail.com,986-654-8640x10264,164,Other,2025-01-06,/say/teacher.json,164,Merit Scholarship,Allow reason far.,25665,164,2025-01-03,164,"Spears, Tucker and Lucero",2025-01-31,0,164,Data Analyst,100 LPA,2025-01-09,Yes,No,1,No,72.15,81.54,90.79,2.56,1,No,1,1,High,Rejected,Yes
165,Cristian Jones,wmatthews@gmail.com,#5y4TPks1r,0,0,fd33fcc2-42e5-427f-be2a-927ae628ca3a,165,Ethan Perez,jasminemorales@gmail.com,+1-789-285-6740x331,https://dummyimage.com/967x545,0,General,Bachelor's,David Mendez,+1-820-300-3961,Business,165,Biotech,5000000,3 Years,165,0,165,67840,2025-02-12,Net Banking,165,Save compare understand physical line.,Part from require kitchen none body administration.,165,Arts,Jessica Fuller,165,Cynthia Young,colemanstephen@walker.biz,612-670-0383x1400,165,Transcript,2025-01-06,/use/building.jpeg,165,Merit Scholarship,Public another keep media ago worker.,36301,165,2025-01-24,165,Blankenship PLC,2025-02-12,1,165,Data Analyst,100 LPA,2025-01-05,No,No,3,Yes,52.73,79.83,177.48,3.38,0,Yes,1,0,High,Rejected,Yes
166,Jacob Frazier,williamwilliams@yahoo.com,ff%6R4+m8_,1,1,d151eb88-d0b7-4876-8354-a7aa653ded64,166,Scott Berg,michaelduran@hotmail.com,+1-025-812-8468x603,https://www.lorempixel.com/276/146,1,OBC,High School,Mrs. Stephanie Glenn,(420)170-4251x1354,Doctor,166,Mechanical,5000000,4 Years,166,0,166,10000000,2025-02-01,Net Banking,166,Opportunity expert try official up nation.,Laugh fire price true beautiful.,166,Arts,Brandon Taylor,166,Duane Shah,brandywilson@reid.com,369-317-0563x39326,166,ID Proof,2025-02-10,/whatever/another.pdf,166,Merit Scholarship,Never race ball lose start help own.,500000,166,2025-01-18,166,Thomas-Sparks,2025-01-02,2,166,Software Engineer,100 LPA,2025-01-30,Yes,Yes,0,No,89.07,85.8,8.27,3.42,1,Yes,14,1,Low,Rejected,Yes
167,Jennifer Valencia,osantos@gmail.com,!LEbRGs3F2,1,2,b69e6697-1201-45ab-af81-a2b0cfd0ea74,167,Donna Cherry,josephdean@hotmail.com,3832088939,https://placekitten.com/755/588,0,ST,Master's,Laura Stewart,055.356.8283x871,Doctor,167,Civil,124199,3 Years,167,0,167,189249,2025-02-08,Debit Card,167,Improve life she herself.,Under economic far happen campaign night.,167,Commerce,Christina Jenkins,167,Vanessa Smith,anthony31@gmail.com,+1-422-967-8963x07139,167,Other,2025-01-11,/entire/send.pdf,167,Sports Quota,Break employee discussion event avoid other above.,21945,167,2025-01-26,167,Prince Inc,2025-01-23,1,167,Software Engineer,100 LPA,2025-02-13,No,Yes,2,No,79.85,77.39,134.86,3.06,3,Yes,0,3,Low,Rejected,Yes
168,Nicole Fritz,richard16@clark.info,GQ#u4B6m5s,0,0,3e0d7679-ccfa-48a6-9d4c-a02671988004,168,Richard Ford,albertbrennan@clark-brown.com,971-667-0040x64106,https://dummyimage.com/577x958,1,General,PhD,Richard Duarte,027-815-6185x156,Doctor,168,Computer Science,141362,3 Years,168,0,168,29844,2025-02-12,Net Banking,168,Eat much even free government risk.,Per already available his drug herself.,168,Science,John Macdonald,168,Amy Nash,leah56@hayes.org,934.360.3967,168,Resume,2025-02-04,/material/process.bmp,168,Need-Based,Organization lay carry serve ten right street.,26929,168,2025-02-06,168,"Burns, Johnson and Greene",2025-01-29,1,168,Software Engineer,100 LPA,2025-02-10,Yes,Yes,4,No,89.14,NULL,123.66,2.02,4,No,11,4,High,Waitlisted,Yes
169,Dr. Darin Morrison,deanandrews@gmail.com,DCR4z@*L^1,0,2,6f67ce43-6884-416f-81d9-a808c6ba3193,169,Abigail Pearson,xwiley@gmail.com,983.392.3624,https://placekitten.com/328/159,2,OBC,Bachelor's,Javier Jones,449-755-4895,Doctor,169,Biotech,146242,2 Years,169,1,169,170145,2025-01-21,UPI,169,Soldier answer above coach.,Account beat program close thing meet pressure.,169,Engineering,Amy Murray,169,Joshua Frank,michaelcoleman@yahoo.com,(451)418-5196,169,ID Proof,2025-01-10,/from/cup.wav,169,Merit Scholarship,At happy health build economy require.,500000,169,2025-01-14,169,"Taylor, Hudson and Hill",2025-02-06,1,169,Software Engineer,100 LPA,2025-01-11,No,Yes,,No,60.54,52.66,53.65,3.92,3,Yes,5,3,Low,Accepted,Yes
170,Christina Wilson,nevans@thompson.info,r^Oh8^_b+0,0,0,2b09aa36-8fc4-494c-bfd1-578e2228ed37,170,Larry Perez,jasonmorrison@bryant.biz,+1-805-458-2863x98623,https://www.lorempixel.com/822/680,0,SC,Bachelor's,Kelly Simpson,+1-619-076-5080x1378,Business,170,Biotech,5000000,2 Years,170,0,170,10000000,2025-01-18,Debit Card,170,Pretty keep fly resource art.,Air some small ten apply development.,170,Science,Vickie Smith,170,Andrew Miller,jonathan36@ortiz.org,5639654592,170,Transcript,2025-02-12,/across/national.doc,170,Need-Based,Since break gun them who join.,10924,170,2025-01-16,170,Phillips Group,2025-01-16,1,170,Software Engineer,100 LPA,2025-01-23,Yes,Yes,,No,50.95,57.26,57.76,2.94,5,Yes,17,5,High,Rejected,Yes
171,Ashley Huang,martha07@hotmail.com,*)T#Wwj555,0,0,fcb72fb6-879d-48d2-807f-09d67da8b4ca,171,Jesse Contreras,tammy39@shaw.com,001-060-402-8884,,1,OBC,Master's,Tim Mason,006-735-6224,Business,171,Civil,5000000,3 Years,171,0,171,10000000,2025-01-17,UPI,171,Expect benefit sport plant apply must.,East soon fast lose other born.,171,Engineering,Matthew Lewis,171,Andrew Rios,joshualuna@martinez-williams.info,617-327-5124x2657,171,ID Proof,2025-01-09,/must/yard.jpg,171,Merit Scholarship,New husband between measure.,500000,171,2025-02-03,171,Pham-Sawyer,2025-02-01,0,171,Software Engineer,3 LPA,2025-01-07,Yes,No,2,Yes,50.94,66.97,111.23,3.42,4,No,19,4,Medium,Rejected,Yes
172,Justin Gordon,sharmon@hines.org,jx9TDPg8u),0,0,638f1916-7625-4bc6-85ad-ba6f737cf9e2,172,Dawn Williams,farellano@brown.com,001-291-928-8560,https://placeimg.com/303/200/any,1,General,High School,Jennifer Wagner,131.077.8495x1370,Engineer,172,Civil,135003,2 Years,172,0,172,10000000,2025-02-01,Debit Card,172,Since oil set including.,Person hit because brother where too door.,172,Commerce,Zachary Patterson,172,Samuel Rocha,michaeljohnson@yahoo.com,001-811-496-8852x827,172,Transcript,2025-01-28,/discussion/change.avi,172,Sports Quota,Degree laugh four fear beautiful spend outside.,500000,172,2025-02-13,172,Neal and Sons,2025-01-19,1,172,Data Analyst,11 LPA,2025-02-08,Yes,Yes,1,No,83.96,92.33,119.44,3.61,2,Yes,4,2,Low,Accepted,Yes
173,Dominic Martin,jasonbeck@gmail.com,j+rfm%w4oH,1,1,41acc4d8-4b5a-4503-acc4-ae0a2ec0c4bb,173,Morgan Dalton,garyevans@cook.info,(484)902-1258x540,https://placeimg.com/864/250/any,1,SC,Master's,Ryan Young,001-040-570-1607x844,Engineer,173,Biotech,5000000,3 Years,173,1,173,10000000,2025-01-28,Debit Card,173,Official who day space company method.,Option amount pattern region range.,173,Commerce,Larry Fox,173,Jenna Jackson,srice@johnson.biz,898-154-9938x3962,173,ID Proof,2025-01-07,/lead/reflect.key,173,Sports Quota,Nation part black despite avoid drop him stuff.,500000,173,2025-01-29,173,"Porter, Mueller and Jimenez",2025-01-14,1,173,Intern,100 LPA,2025-01-08,Yes,Yes,7,Yes,74.61,88.13,1.56,3.81,3,No,7,3,High,Accepted,Yes
174,Julie Stephenson,paulcarter@yahoo.com,m0$pY3rI@5,0,2,530b30b9-aa95-4419-b065-2b98091cbf25,174,Whitney Hull,christinahunt@mooney-blake.info,001-190-604-5943x5600,https://placekitten.com/844/925,0,SC,Bachelor's,Timothy Hampton,301.025.3525x45419,Other,174,Electronics,165160,4 Years,174,0,174,130159,2025-02-08,UPI,174,Point group tough hold huge peace.,Police author success matter turn center somebody.,174,Science,Carly Franklin,174,Christie Sullivan,christopherwashington@fletcher.com,+1-689-542-9901x9720,174,Transcript,2025-02-07,/mind/heavy.txt,174,Need-Based,Never answer oil teacher anyone media.,500000,174,2025-01-18,174,Sims LLC,2025-01-23,2,174,Intern,10 LPA,2025-01-28,No,No,3,Yes,98.81,57.38,54.23,3.07,4,No,10,4,High,Accepted,Yes
175,Justin Fisher,tiffanychaney@larsen.biz,Q90zNulx#5,0,1,89b291d6-2d0c-4f7a-bc6b-86cf80303ddc,175,Christopher Blanchard,william06@anderson.org,098.799.0726x25347,,2,ST,Bachelor's,Cheryl Webb,335-944-3474x4852,Engineer,175,Computer Science,5000000,2 Years,175,0,175,10000000,2025-01-22,Net Banking,175,House major black help.,Economic military available station.,175,Science,Melissa Cook,175,Juan Bryan,christopherthomas@gmail.com,(397)319-2652x783,175,ID Proof,2025-02-04,/order/not.wav,175,Need-Based,Reflect together safe effect heavy available.,28570,175,2025-01-05,175,Khan-Vargas,2025-01-26,2,175,Software Engineer,100 LPA,2025-01-18,No,No,,No,81.22,57.92,109.54,2.25,2,No,3,2,High,Rejected,Yes
176,Heather Campbell,catherinegolden@gmail.com,+F3QZwhboJ,1,2,0da9fd0e-3268-4f14-857d-0e06b6fb3d68,176,Mary Rivera,moorejoanne@gmail.com,495.456.1323,https://dummyimage.com/882x895,2,SC,Bachelor's,Christopher Morris,(561)731-5495x714,Engineer,176,Computer Science,135844,3 Years,176,0,176,10000000,2025-02-09,UPI,176,Mother nor myself bag TV ball officer.,Into player brother.,176,Arts,Raymond Hansen,176,Timothy Gutierrez,xjones@hotmail.com,001-491-602-7763,176,Transcript,2025-01-15,/source/especially.js,176,Need-Based,Special unit process north beautiful bad operation another.,500000,176,2025-01-26,176,"Marshall, Navarro and Carpenter",2025-02-11,0,176,Manager,100 LPA,2025-01-08,No,No,1,No,54.84,61.26,190.64,2.73,1,Yes,5,1,High,Accepted,Yes
177,Scott Williams,robert05@yahoo.com,)XfA4Gy_wp,1,1,8acc3aad-8336-4d2e-81d8-70d83fa8b23b,177,Jay Guerrero,larrylewis@horne-blair.com,8732812998,https://dummyimage.com/15x675,2,OBC,High School,James Lawson,(525)855-5286x2835,Engineer,177,Biotech,175895,3 Years,177,0,177,10000000,2025-02-06,Credit Card,177,Beyond common ok energy wrong.,Produce appear far list own.,177,Commerce,Carlos Walter,177,David Thomas,kingshannon@simpson.net,001-966-914-0712,177,Resume,2025-01-04,/would/have.mp3,177,Merit Scholarship,Customer within especially.,500000,177,2025-01-25,177,Prince and Sons,2025-01-12,1,177,Manager,10 LPA,2025-01-01,Yes,No,0,Yes,70.39,66.62,134.36,3.68,4,No,13,4,Medium,Waitlisted,Yes
178,Sarah Clark,ycarr@gmail.com,f+3DVg8HMc,1,1,1cf661ad-71d5-4c6f-b43b-bdeb720106a5,178,Barbara Allen,cduffy@aguilar.info,801-151-7114x45727,https://placekitten.com/47/62,1,General,Master's,Spencer Bryant,932-350-5104x653,Business,178,Computer Science,5000000,4 Years,178,0,178,10000000,2025-02-12,Net Banking,178,Common evening stock million last mouth.,Product produce accept have continue life most.,178,Science,Anthony Irwin,178,Matthew Williams,lroman@griffith.info,744.152.5169,178,Resume,2025-01-27,/with/never.tiff,178,Sports Quota,Tough read value story news blood.,500000,178,2025-01-18,178,Simpson Ltd,2025-01-15,1,178,Intern,11 LPA,2025-01-06,Yes,No,0,No,60.13,78.4,173.88,2.25,2,Yes,5,2,Medium,Waitlisted,Yes
179,Jessica Hamilton,dwaynechurch@gonzalez-vincent.com,%2vPqZHjdM,0,1,f50b975d-8e06-4066-a8df-d387af5e1864,179,Christine Mendez,savagenicholas@gmail.com,398.284.5635,https://dummyimage.com/26x758,2,OBC,High School,Danielle Hardy,(858)694-3779x94022,Engineer,179,Biotech,5000000,4 Years,179,1,179,156163,2025-02-06,Net Banking,179,Consider board father back.,Put participant wife toward.,179,Arts,Christy Fernandez,179,April Hall,lloyddestiny@gmail.com,547.517.6002x2380,179,ID Proof,2025-01-19,/season/outside.numbers,179,Merit Scholarship,Several fill concern a necessary push.,14737,179,2025-01-11,179,Thomas-Hill,2025-02-05,2,179,Manager,6 LPA,2025-01-18,Yes,No,4,Yes,72.34,72.31,34.2,2.66,0,Yes,17,0,Medium,Waitlisted,Yes
180,Bradley Hickman,clynch@adams.com,^8LmZdwo@+,1,0,a3ea6102-43b7-4ae6-8fc8-ed0e327ec3fd,180,Billy Wheeler,tjackson@hotmail.com,(434)267-3031x90993,https://placeimg.com/786/480/any,2,ST,High School,Luis Mccall,852-062-8752,Doctor,180,Biotech,5000000,4 Years,180,0,180,121776,2025-01-22,Debit Card,180,Free stay for receive indicate couple.,Doctor less of bill study rock.,180,Engineering,Gary Fletcher,180,Nicole Davis,taylorjames@mcdaniel-castro.biz,(637)526-9595x322,180,ID Proof,2025-01-12,/member/at.webm,180,Need-Based,Agent yeah Congress food traditional.,500000,180,2025-02-11,180,Bush-Gould,2025-01-29,1,180,Software Engineer,100 LPA,2025-01-14,No,Yes,8,No,0,98.02,33.99,3.41,5,No,11,5,Low,Accepted,Yes
181,Pamela Gonzalez,millerwilliam@horton.com,WyR4SCh8^0,0,2,7765c5a0-fc06-45c1-b204-54d97e645e73,181,Sherri Avila,petersryan@gmail.com,(151)748-0507x0742,https://dummyimage.com/634x879,1,ST,PhD,Bradley Smith,+1-759-733-8368x26922,Other,181,Electronics,147281,4 Years,181,1,181,10000000,2025-01-30,UPI,181,Book baby work attack represent.,Smile within because indeed have the treat spend.,181,Science,Carl Gonzalez,181,Gloria Hamilton,monicagonzales@hotmail.com,696-580-0465x57763,181,Other,2025-02-06,/community/same.png,181,Sports Quota,Training open think audience.,12407,181,2025-01-17,181,"Moore, Pratt and Torres",2025-01-11,0,181,Data Analyst,100 LPA,2025-01-18,Yes,No,9,Yes,54.11,61.53,11.41,3.6,4,Yes,8,4,Low,Rejected,Yes
182,Ronald Baker,scottlawrence@nguyen.com,!W3!gFyIV2,1,2,6f5d76f2-d9b7-4cd1-85a7-d7aa8108eef8,182,Vanessa Hall,wweaver@brennan.org,001-683-046-6684x50633,https://placeimg.com/607/863/any,1,ST,PhD,Daniel Rogers,883-681-0481x051,Doctor,182,Biotech,93735,4 Years,182,1,182,99471,2025-01-20,Net Banking,182,Raise left continue movement suffer until economic.,Close responsibility to career.,182,Engineering,Mark Bowman,182,Michael Jones,rosskenneth@flores.com,+1-846-430-9098,182,ID Proof,2025-02-06,/require/remain.flac,182,Need-Based,Soldier fire today today.,500000,182,2025-02-06,182,Harper Group,2025-02-09,2,182,Intern,100 LPA,2025-02-02,No,Yes,7,No,81.41,75.32,57.15,2.53,4,Yes,16,4,Medium,Waitlisted,Yes
183,Robin Lee,,X*+AAc(y*2,0,0,6a20b083-7867-46de-b957-603842e79674,183,Elizabeth Gibson,alexander63@fry.com,(166)560-3942,https://www.lorempixel.com/928/297,0,SC,PhD,Kimberly Conway,001-070-969-9107x3666,Doctor,183,Computer Science,140186,2 Years,183,0,183,147625,2025-01-14,Debit Card,183,Word heavy prevent keep.,Top always leader address before million.,183,Arts,Veronica Johnson,183,Tyler Salas,gail87@yahoo.com,(499)348-5717x3220,183,ID Proof,2025-01-05,/himself/next.docx,183,Sports Quota,Yourself such from that figure speak despite.,500000,183,2025-02-11,183,Thompson PLC,2025-01-16,0,183,Data Analyst,100 LPA,2025-01-07,No,No,0,Yes,74.34,91.57,67.45,2.9,0,No,2,0,Low,Accepted,Yes
184,Eric Velez,wmckenzie@rodriguez.net,+(&R0DB_nn,0,0,4eebd548-3203-4123-80cd-3d6a163a9b4b,184,Brett Kelly,briandiaz@nash-gibson.org,001-080-348-7615x58723,,2,OBC,High School,Stephen Smith,686.237.7400,Engineer,184,Computer Science,5000000,4 Years,184,0,184,64247,2025-02-06,UPI,184,Agreement necessary lead lay treat model.,Role while response to next.,184,Science,David Medina,184,Troy Rivera,donnaharvey@ortiz-hernandez.com,334.761.7444,184,Transcript,2025-01-08,/court/weight.ods,184,Need-Based,Different discover trade event analysis.,42329,184,2025-01-07,184,Smith Group,2025-02-10,1,184,Manager,12 LPA,2025-01-23,No,Yes,3,Yes,54.1,73.2,149.38,3.71,4,No,8,4,High,Accepted,Yes
185,Meghan Lewis,adam56@hotmail.com,_kFNv(1)7_,0,1,f1bfc6e6-f7c3-4a9f-b1fd-c13720e51143,185,Jordan Snyder,anthonyroy@yahoo.com,(561)423-4349x28048,https://placeimg.com/28/116/any,1,ST,PhD,Joseph Walker,5513912858,Engineer,185,Electronics,5000000,3 Years,185,1,185,160858,2025-01-22,Net Banking,185,Resource because operation different every anyone strategy.,New voice war left beyond.,185,Science,Andrew Rogers,185,Peter Martin,nicholasmullins@carroll-reyes.com,565-977-9356,185,Other,2025-01-11,/less/despite.pages,185,Merit Scholarship,Follow why successful around amount.,500000,185,2025-01-31,185,Wells Group,2025-02-10,0,185,Data Analyst,100 LPA,2025-02-09,Yes,Yes,9,No,54.91,84.15,98.5,3.43,2,Yes,17,2,Medium,Rejected,Yes
186,Scott Walker,egarcia@woods.com,)NG1ZbPQ_1,1,1,d3e82ad4-e9e3-4d07-ab7b-5ab910789a8b,186,Charles Lane,yrubio@hotmail.com,+1-665-179-4047,https://placekitten.com/351/857,0,ST,High School,Stacy Graham,991.040.3741,Other,186,Mechanical,74235,3 Years,186,0,186,104345,2025-01-14,UPI,186,Now fight move international animal half sit.,Financial despite ahead take direction.,186,Science,Ethan Rhodes,186,Lauren Anderson,pjohnson@herrera.org,979-513-1297x23284,186,Resume,2025-02-11,/many/woman.ppt,186,Need-Based,Time let education.,500000,186,2025-01-16,186,Perez PLC,2025-01-14,2,186,Intern,100 LPA,2025-01-19,No,No,0,Yes,93.97,99.1,45,2.66,5,No,9,5,Low,Waitlisted,Yes
187,,jenniferbishop@yahoo.com,_VOpcsZlR4,1,0,b266e026-a9fc-4e27-85a7-a09fddc76459,187,Anna Carter,sara39@yahoo.com,(867)413-9475x344,https://placeimg.com/319/84/any,1,OBC,Bachelor's,Katie Glover,001-420-208-9790,Business,187,Computer Science,5000000,4 Years,187,1,187,10000000,2025-02-03,Credit Card,187,Tree but consider.,Stuff real watch much.,187,Engineering,Vicki Kelly,187,Christopher Yu,alisusan@yahoo.com,539-255-0465x3145,187,Resume,2025-01-06,/choice/trial.mov,187,Need-Based,True admit strategy.,500000,187,2025-01-10,187,Newton PLC,2025-01-15,2,187,Software Engineer,100 LPA,2025-02-12,Yes,No,6,No,58.04,81.79,151.4,2.47,1,Yes,18,1,High,Accepted,Yes
188,Natalie Walsh,arnoldvictoria@mitchell.biz,%mViTeO6Y7,1,0,faca3aa5-4865-410a-9e9a-5d1ac20be75c,188,Dr. Mitchell Berry DDS,michaeljones@hotmail.com,811-458-4205,https://placekitten.com/452/142,2,OBC,High School,Jose Aguilar,308.790.3563x04820,Engineer,188,Computer Science,5000000,3 Years,188,1,188,10000000,2025-01-24,UPI,188,Win especially with clear.,Treat last food summer.,188,Engineering,Laura Medina,188,Brendan Malone,georgefinley@yahoo.com,001-095-319-9568x1778,188,Resume,2025-01-01,/garden/plant.pdf,188,Merit Scholarship,Phone green same put describe.,500000,188,2025-01-25,188,"Bennett, Galloway and Russell",2025-01-23,0,188,Manager,100 LPA,2025-01-27,No,Yes,8,Yes,86.57,73.63,73.01,2.59,2,No,17,2,Low,Accepted,Yes
189,Angel Compton,bryan67@perez.net,v^0Ws(##r9,0,0,cff8cff7-7d60-4909-bc8d-a6cb131639b0,189,Daniel Robertson,henrykristina@taylor-nelson.com,601.947.3854,https://www.lorempixel.com/243/998,1,SC,Master's,Kendra Ward,(778)642-4339,Doctor,189,Electronics,5000000,4 Years,189,1,189,44439,2025-02-06,Debit Card,189,Within provide speak mention feeling agent board meeting.,Again receive piece how analysis.,189,Commerce,Timothy Sanchez,189,Diana Weiss,williamsmolly@jones.org,881-658-9151x4766,189,Resume,2025-01-08,/seem/professional.mp4,189,Sports Quota,Protect serve civil east finally music behind week.,500000,189,2025-02-01,189,Holmes PLC,2025-01-13,0,189,Manager,9 LPA,2025-02-11,No,No,3,Yes,67.52,90.44,33.22,3.61,1,Yes,4,1,Low,Waitlisted,Yes
190,Ryan Harrington,johnsonsteven@bryant-ayala.info,*#Da1CcpA!,0,1,1bde2f2c-7a99-42bf-901c-8c01a06cfd00,190,Mark Lee,zsweeney@hotmail.com,840-381-1614x7166,,2,SC,Master's,Darryl Patrick,(390)147-2374x2742,Engineer,190,Mechanical,5000000,3 Years,190,0,190,31765,2025-01-28,Debit Card,190,Take huge since pressure live before.,Bring draw read form.,190,Commerce,John Patterson,190,Richard Harris,tiffanydunn@lucas-callahan.info,+1-866-664-4029x87953,190,Resume,2025-01-24,/defense/room.mp4,190,Merit Scholarship,American agree instead he sit I fund.,500000,190,2025-01-11,190,Walker PLC,2025-02-08,2,190,Intern,8 LPA,2025-01-18,No,Yes,8,Yes,89.74,89.61,136.12,3.88,4,Yes,11,4,Low,Rejected,Yes
191,Margaret Jones,smcdonald@ward.org,h&z1X@wcTQ,1,2,2f12b721-aee6-490d-84c1-04c0a6a45751,191,Rebecca Scott,lbrown@yahoo.com,+1-586-565-9444,https://placekitten.com/189/861,1,ST,High School,Shawn Sandoval,(132)036-3668x99963,Doctor,191,Mechanical,5000000,4 Years,191,1,191,86294,2025-01-08,Credit Card,191,Expect group everybody over four.,Camera force ok democratic right.,191,Arts,Christopher Green,191,Sharon Hodges,catherinegreen@hernandez.com,075.189.8938x1784,191,Resume,2025-01-20,/painting/enter.avi,191,Sports Quota,Stand question film large arm treat fund summer.,500000,191,2025-01-29,191,"Smith, Munoz and Mcclain",2025-01-19,2,191,Intern,5 LPA,2025-02-05,No,Yes,3,No,76.01,NULL,62.7,3.9,0,No,3,0,Low,Accepted,Yes
192,Jeffrey Miller,saragrant@gmail.com,Xj8Qz$btJ_,1,0,a9eb14e4-8aa2-42da-aecb-da149539ffef,192,Kayla Griffin,irwinsamuel@henderson.com,(814)629-9789x826,https://placekitten.com/10/481,2,General,High School,Jesse Park,116.991.3680x725,Engineer,192,Mechanical,5000000,2 Years,192,1,192,10000000,2025-01-13,Debit Card,192,Range step within particular certainly though explain give.,End tax project somebody pick mission.,192,Commerce,Kristina Snow,192,Brandon Hodge DVM,tina36@yahoo.com,001-733-169-6311x06391,192,Resume,2025-01-14,/seven/you.mp3,192,Sports Quota,Should short late foot guy.,34660,192,2025-01-14,192,"Davis, Howell and Bray",2025-01-13,2,192,Intern,100 LPA,2025-01-31,Yes,No,8,Yes,87,92.1,110.77,3.75,2,No,11,2,Medium,Rejected,Yes
193,Stacey Ramirez,phillipburke@brown.org,QbB7VgT8W*,0,2,b95e2812-2b95-4d30-aa39-dc9cb7348167,193,Sarah Oneill,morenogarrett@durham-valentine.com,(903)126-7949x17247,https://placekitten.com/639/763,2,SC,Master's,Sarah Mccullough,431-808-8105,Engineer,193,Biotech,173614,2 Years,193,0,193,10000000,2025-01-03,UPI,193,Author difference they whose tax.,Trip process lead per environmental skill project.,193,Engineering,Courtney Cohen,193,Brian Smith,ipruitt@yahoo.com,001-245-060-5556,193,Transcript,2025-02-07,/loss/foot.js,193,Merit Scholarship,Bad billion network.,500000,193,2025-01-08,193,"Martin, Wood and Obrien",2025-02-11,2,193,Intern,100 LPA,2025-01-15,No,No,7,Yes,62.05,81.36,136,2.1,1,Yes,8,1,Medium,Accepted,Yes
194,Laurie Wiley,martinezjohnny@stone.com,Rr+c7P1Bg$,0,1,f815c355-53a7-4000-9db5-77e6e92a625c,194,Joseph Bell,millergary@elliott.net,573-158-9646,https://placekitten.com/582/514,0,General,Bachelor's,Abigail Anderson,775-939-4886,Other,194,Computer Science,199041,3 Years,194,1,194,117705,2025-01-26,Net Banking,194,Imagine draw stock suddenly popular.,Good stage bit laugh cultural chair best.,194,Science,William Taylor,194,Megan Velez,longbrian@gmail.com,303-000-4344x51486,194,Transcript,2025-02-10,/paper/meeting.mov,194,Sports Quota,Difficult appear this fine other pay.,22178,194,2025-01-23,194,"Bridges, Dillon and Schultz",2025-02-06,0,194,Software Engineer,4 LPA,2025-01-13,No,No,9,No,50.85,61.11,146.87,2.94,3,No,11,3,Medium,Accepted,Yes
195,Christina Kim,abrown@lyons.com,7F^X&JYW(z,1,2,d775641c-d8ab-4d10-8622-27d9c9c43a3a,195,Christopher Gilbert,lisa70@hotmail.com,001-374-236-0563x546,https://dummyimage.com/153x969,1,ST,Bachelor's,Ruben Johnson,(605)496-1388,Engineer,195,Civil,5000000,4 Years,195,0,195,27574,2025-01-25,Debit Card,195,Use would study live gun.,Quite test various reason try win.,195,Science,Anthony Pearson,195,Michael Guzman,crystalprice@christensen.com,364-658-3268x9667,195,ID Proof,2025-01-28,/choose/pressure.pptx,195,Merit Scholarship,Pm against top main seem well.,37726,195,2025-02-03,195,"Edwards, Jackson and Maldonado",2025-02-12,0,195,Intern,100 LPA,2025-01-18,No,Yes,8,Yes,64.06,69.22,151.74,3.06,3,No,1,3,Medium,Rejected,Yes
196,,,+t%W_QmNd2,1,2,f9ef7b67-a05b-442d-b281-825c5fc19e99,196,Michael Trevino Jr.,robert19@collier.org,+1-716-942-0527x7478,https://dummyimage.com/355x733,0,ST,Bachelor's,John Brown,001-954-964-3580x9227,Teacher,196,Mechanical,183826,2 Years,196,1,196,141608,2025-01-02,UPI,196,Idea watch eight.,Society hand father less human rich option.,196,Commerce,Jacob Mills,196,Cynthia Johnson,vanessaingram@wilson-mccarty.info,342.071.9809,196,Other,2025-02-12,/owner/continue.txt,196,Sports Quota,Peace bring about home student already.,500000,196,2025-01-30,196,Gill LLC,2025-01-18,0,196,Intern,100 LPA,2025-01-15,No,Yes,4,No,82.1,63.4,101.46,3.55,0,Yes,3,0,Low,Accepted,Yes
197,Diamond Harris,mgray@yahoo.com,2@u0sJnoIT,0,2,31ff0ad0-57da-4382-89b3-85d2bd8310c0,197,Julia Sexton,joseph33@gmail.com,027.182.1330x72909,,2,ST,Master's,Nancy Harrison,(347)702-1320x63803,Engineer,197,Computer Science,72227,2 Years,197,1,197,10000000,2025-01-10,Credit Card,197,Leader college factor win radio.,Beat thank line bank popular.,197,Commerce,Andrew Johnson,197,Eric Johnson,nathanielstevens@yahoo.com,554-093-5884x97567,197,Other,2025-01-20,/meeting/leg.jpeg,197,Need-Based,Table official close choice expect nice professor.,49319,197,2025-01-05,197,Jimenez Inc,2025-01-30,0,197,Data Analyst,100 LPA,2025-01-03,Yes,Yes,0,Yes,60.52,69.15,6.03,3.41,2,No,8,2,Medium,Rejected,Yes
198,Natalie Carrillo,pachecowilliam@hotmail.com,_!GwJ@!g2g,0,2,2f8bccd2-8fca-44d7-9089-2b07956045af,198,Elizabeth Burns,johnsonjames@yahoo.com,118.557.3981x45101,https://placekitten.com/1022/695,2,OBC,PhD,Ashley Kelly,(910)730-5395,Engineer,198,Biotech,5000000,4 Years,198,0,198,151753,2025-01-23,Debit Card,198,Reduce sound our now teach.,Feel well start whole.,198,Engineering,Cheyenne Tapia,198,Jerry Hall,oliverbrandon@hickman-adams.com,203.581.8509,198,ID Proof,2025-01-06,/effect/anything.flac,198,Sports Quota,Admit least three.,500000,198,2025-01-20,198,"Tate, Henderson and Livingston",2025-02-11,0,198,Software Engineer,100 LPA,2025-01-20,Yes,No,7,No,52.97,99.24,28.97,2,2,Yes,8,2,High,Waitlisted,Yes
199,Jessica Cox,simschristopher@sosa-williams.com,*DL8QEZb(6,0,0,05628e40-e062-4a15-acfc-321d969f0880,199,Joshua Roth,craigharris@hensley.com,(236)240-3912,https://placeimg.com/799/851/any,1,OBC,PhD,Brian Torres,(451)627-0905x89849,Business,199,Civil,5000000,3 Years,199,0,199,121819,2025-01-19,Net Banking,199,Cost create inside seven note beat.,Front pay return five organization like word organization.,199,Commerce,Bradley Ashley,199,Tiffany Evans,joycastaneda@bates.org,6928550975,199,Other,2025-01-13,/environment/president.odp,199,Merit Scholarship,Front measure chance but.,500000,199,2025-01-06,199,Terry Inc,2025-02-11,2,199,Data Analyst,100 LPA,2025-02-08,Yes,Yes,8,Yes,82.04,70.73,179.5,2.68,5,Yes,4,5,Medium,Rejected,Yes
200,Janice Robinson,kendramurphy@yahoo.com,+_1DJiguxS,1,1,bd357c25-9b4a-453a-91fa-ae3035e049da,200,Donald Hodges,davidnunez@hunt.com,(923)174-5470x88312,https://placeimg.com/309/168/any,2,General,Bachelor's,Victoria Greer,914.360.4189x4188,Doctor,200,Civil,140748,2 Years,200,0,200,42652,2025-01-28,UPI,200,Color attorney hold place argue win hour.,Dog base financial will blood.,200,Engineering,Ashley Miller,200,Alan Khan,ohunter@yahoo.com,474-334-2110x18509,200,Resume,2025-02-11,/character/defense.webm,200,Sports Quota,Tough none down town me tree.,11342,200,2025-01-16,200,"Hensley, Reynolds and Davis",2025-02-03,2,200,Manager,10 LPA,2025-01-30,Yes,Yes,5,Yes,86.2,66.79,98.06,3.7,2,No,8,2,Medium,Rejected,Yes
201,Jamie Ramos,loricole@yahoo.com,P4hpR0v6*7,0,1,360b085c-3e85-4b23-ad03-1989905b251c,201,Richard Thomas,haley33@hotmail.com,264-361-4541x4621,https://dummyimage.com/989x1019,1,General,Bachelor's,Janice Dougherty,2027537233,Business,201,Electronics,5000000,2 Years,201,1,201,190064,2025-02-08,UPI,201,Expect show step wait three education large.,Audience window improve top near every method.,201,Commerce,Dustin Spence,201,Daniel Lewis,butlertheresa@yahoo.com,+1-894-287-4264x3832,201,Other,2025-01-27,/computer/article.odt,201,Sports Quota,Myself heart challenge blood consumer.,16296,201,2025-01-06,201,Hernandez-Carter,2025-01-16,1,201,Intern,7 LPA,2025-02-08,Yes,Yes,5,Yes,60.39,56.18,120.4,3.48,0,No,18,0,High,Waitlisted,Yes
202,,pwhite@hicks-moore.com,!ET1NNdeu8,1,0,da1ed666-7a57-4b05-8dd6-75f6311a4a64,202,Natalie Turner,rodriguezann@hotmail.com,+1-782-482-4209x569,https://dummyimage.com/65x750,1,OBC,PhD,Jessica Watkins,+1-637-659-1299x869,Teacher,202,Mechanical,5000000,3 Years,202,0,202,10000000,2025-01-08,UPI,202,Rate anything ready tough.,Pay author budget must.,202,Science,Steven Morrison,202,Neil Fleming,donnadudley@hotmail.com,(307)768-1914x7237,202,ID Proof,2025-01-16,/in/performance.txt,202,Merit Scholarship,Exist general eight know risk section sea.,24073,202,2025-02-04,202,"Oconnor, Lee and Graham",2025-02-04,0,202,Data Analyst,8 LPA,2025-01-22,No,No,7,No,65.71,59.99,102.15,2.58,0,No,6,0,Low,Rejected,Yes
203,Crystal Harris,cheyennehill@yahoo.com,q#9eGnjrmp,0,1,1b2eaf7b-96de-4f1f-8fb2-780b43b9147b,203,Daniel Terry,kevinhoward@yahoo.com,001-310-087-3311x24784,https://placekitten.com/456/786,0,ST,Master's,Jennifer Harmon,(508)966-9253x6129,Engineer,203,Electronics,68952,3 Years,203,0,203,63108,2025-01-16,UPI,203,Start most condition option decision whole.,Win road less thank.,203,Arts,Denise Summers,203,Cheyenne Sparks,porteredward@hotmail.com,(661)745-1720x67154,203,Transcript,2025-01-21,/maybe/those.mov,203,Sports Quota,None general writer weight deep rise single top.,500000,203,2025-01-01,203,"Young, Dyer and Jennings",2025-01-19,1,203,Intern,100 LPA,2025-01-23,Yes,No,7,No,NULL,53.27,169.13,3.04,5,No,4,5,High,Waitlisted,Yes
204,Sean Yates,lambertsamuel@yahoo.com,^8^lBmTA#J,1,2,57a53aa7-786b-42a2-9a91-255b66916a78,204,James White,samuel57@gmail.com,+1-378-636-4929x632,https://www.lorempixel.com/703/772,0,OBC,Master's,Terry Suarez,001-673-198-7100x4376,Doctor,204,Biotech,5000000,2 Years,204,1,204,10000000,2025-01-16,UPI,204,Writer floor analysis recently foreign house skin.,Music mother must across total idea method.,204,Arts,Julia Ellis,204,Melinda Lindsey,ruth09@gmail.com,001-184-752-4654,204,Resume,2025-02-02,/friend/plant.png,204,Need-Based,Pressure easy state.,500000,204,2025-01-10,204,Bradley-Foster,2025-01-24,2,204,Manager,100 LPA,2025-01-03,No,No,1,No,68.38,66.43,17.8,3.73,3,No,9,3,High,Waitlisted,Yes
205,Adrienne Hardy,gsmith@moore.info,_6A4ki4zL9,0,2,ad584c78-1132-461b-9c78-bfb1e1584c77,205,Tina Miranda DVM,davidmartin@mckenzie.com,187.690.9943x919,https://placeimg.com/440/142/any,2,SC,PhD,Chad Nelson,(358)402-4190,Business,205,Mechanical,5000000,3 Years,205,0,205,92721,2025-01-13,Credit Card,205,Organization service agree choice.,Cup receive can street prevent.,205,Engineering,Kevin Sanford,205,Sean Nelson,dianestewart@hotmail.com,315.309.5497x10274,205,ID Proof,2025-01-12,/study/laugh.html,205,Sports Quota,Century necessary could value hold read hospital southern.,36156,205,2025-01-16,205,"Becker, Wilkinson and Black",2025-02-07,2,205,Intern,100 LPA,2025-01-18,No,No,4,Yes,92.45,NULL,7.93,2.02,3,No,13,3,Low,Accepted,Yes
206,Jeremy Cook,rreyes@may.net,h$!5(YAhkE,0,2,979c7b26-6cc1-47a1-9728-0bf588839131,206,Cathy Butler,fosterarthur@gmail.com,+1-888-318-6723x68964,https://placekitten.com/71/578,0,ST,PhD,Stephanie Carter,628-127-2201,Engineer,206,Computer Science,92329,2 Years,206,1,206,167839,2025-02-06,Credit Card,206,Perform whose represent.,Every soldier report trial lawyer I kitchen.,206,Science,Heidi Conley,206,Stephanie Taylor,vstanton@madden.com,122.440.0395x6781,206,Resume,2025-01-01,/picture/deep.csv,206,Sports Quota,What through production figure.,48075,206,2025-01-16,206,Kirby Inc,2025-01-06,2,206,Intern,100 LPA,2025-01-03,No,No,3,No,59.39,64.08,59.46,3.91,1,Yes,10,1,High,Rejected,Yes
207,Brenda Fletcher,kingnicole@perez.com,If#c6wZfBm,0,1,08c18e13-f18b-44d4-a715-9981ee4fca12,207,James Cochran,cmurray@flores.net,548.179.2531x6452,https://dummyimage.com/763x911,2,General,Bachelor's,Shelley Espinoza,176.586.8978,Business,207,Civil,158602,2 Years,207,1,207,10000000,2025-02-09,Debit Card,207,Two fish evidence still college range west general.,Traditional treat necessary his meeting past sometimes.,207,Commerce,Daniel Parker,207,Elizabeth Vasquez,dramirez@patton.com,185-993-7032,207,Transcript,2025-01-23,/pull/choice.js,207,Need-Based,Seven work maintain might very doctor realize.,500000,207,2025-01-12,207,Ramirez Ltd,2025-01-13,2,207,Manager,8 LPA,2025-01-28,No,Yes,4,No,77.02,51.75,182.93,2.18,2,Yes,13,2,Medium,Waitlisted,Yes
208,Michael Miller,lisachang@gmail.com,+dlM3rw!n3,0,0,3ad4603a-4c31-4543-9c89-2fb2047acf38,208,Zachary Hebert,david03@gmail.com,470-074-2407,https://dummyimage.com/975x915,1,General,PhD,Christina Bond,712-704-6390x4868,Teacher,208,Electronics,55423,4 Years,208,0,208,85253,2025-01-27,UPI,208,Minute machine behind case.,Go goal exist social until unit.,208,Engineering,Karen Washington,208,Michelle Tyler,pmcgee@yahoo.com,(389)763-2596,208,Transcript,2025-01-13,/order/case.jpg,208,Need-Based,Establish their however develop reflect staff land.,500000,208,2025-02-01,208,Hayden LLC,2025-01-19,0,208,Software Engineer,7 LPA,2025-01-07,Yes,No,,Yes,60.46,52.18,6.85,2.48,4,No,5,4,Low,Rejected,Yes
209,Kenneth Mccullough,denniszamora@joseph.com,XkQZEr%h!7,0,1,e1d81d68-3b04-4ca4-a9c7-8f1cefba889b,209,John Morgan,samuelperry@gmail.com,272-439-3259,https://dummyimage.com/806x367,1,General,High School,Sonia Gomez,001-665-686-7252x51223,Engineer,209,Civil,5000000,2 Years,209,1,209,10000000,2025-02-13,Credit Card,209,Because late meet floor memory full.,Bag without ok water spend law response.,209,Science,Roberto Taylor,209,Diana Parker,barrmichael@hotmail.com,238-879-4278x481,209,Resume,2025-01-26,/moment/example.csv,209,Sports Quota,At be meet subject.,49092,209,2025-01-24,209,"Baker, Cuevas and Shaffer",2025-02-12,0,209,Software Engineer,6 LPA,2025-01-29,No,No,3,No,55.5,63.59,195.07,3.76,0,No,17,0,High,Rejected,Yes
210,Corey Anderson,stonemark@gmail.com,IE73ZXfh)d,0,1,4a119983-04e1-4bac-bedb-8227d9e38598,210,Ruth Schmidt,carol32@smith-brown.net,001-980-433-0036x177,https://placeimg.com/884/355/any,2,General,High School,Ricky Meyer,+1-277-591-0497x7569,Doctor,210,Electronics,5000000,3 Years,210,1,210,155221,2025-01-27,UPI,210,Yourself we central growth nation main.,Face organization road.,210,Commerce,Julie Mooney,210,Kimberly Cole,whoffman@good-lara.net,+1-881-481-3165,210,Other,2025-02-04,/lot/policy.flac,210,Sports Quota,Carry listen task speak mean understand really share.,25980,210,2025-01-03,210,Stone and Sons,2025-01-01,0,210,Intern,100 LPA,2025-01-03,No,Yes,9,Yes,59.33,50.3,34,3.67,0,No,14,0,Medium,Accepted,Yes
211,Pamela Gomez,ivan62@gmail.com,6!4XUt(u(f,1,2,42128f23-a951-44a1-aa7f-4525f7dcb5ff,211,George Chavez,bbrown@yahoo.com,699-506-0714x9557,https://placeimg.com/547/563/any,2,OBC,PhD,Sydney Mckay,029.838.6016,Teacher,211,Computer Science,140312,3 Years,211,1,211,10000000,2025-02-02,Debit Card,211,Might build interesting.,None region month cover.,211,Arts,Maria Lang,211,Christopher Gomez,james58@webster.net,834.437.3969x22527,211,ID Proof,2025-01-10,/agent/fear.pages,211,Merit Scholarship,Board right near knowledge anything.,25801,211,2025-01-01,211,Medina Ltd,2025-01-30,1,211,Data Analyst,3 LPA,2025-01-12,Yes,Yes,3,No,0,61.89,53.97,2.08,5,Yes,6,5,Medium,Rejected,Yes
212,Robert Jordan,corey20@yahoo.com,%n712SBtag,0,2,e8ca2e2e-bed7-4235-9ecc-67cbf62e8638,212,Andrew Mills,cmartin@welch.com,067.196.7827x920,https://placeimg.com/4/35/any,1,SC,PhD,Jasmin Wright,001-245-642-0976x587,Teacher,212,Mechanical,109359,2 Years,212,0,212,115053,2025-01-04,Credit Card,212,Number able chair open.,War top simply network news officer.,212,Commerce,Whitney Stephens,212,James Jones,brianfleming@gardner.com,001-338-840-9089x27405,212,Other,2025-02-05,/improve/many.avi,212,Sports Quota,Think policy think Mr left rich hot.,30094,212,2025-01-13,212,Clark-Ross,2025-01-22,0,212,Software Engineer,100 LPA,2025-01-02,No,No,1,No,78.37,73.3,45.47,3.59,5,No,4,5,Medium,Waitlisted,Yes
213,Andrea Bell,leepatrick@gmail.com,T_A(94Ft3L,0,1,a54e43c0-4d6f-41d2-97ed-d8a5811df38a,213,William Johnson,jason59@gmail.com,(766)899-9586x3010,https://www.lorempixel.com/580/918,0,SC,PhD,Jared Evans,+1-402-763-3220,Engineer,213,Computer Science,192640,4 Years,213,0,213,157731,2025-01-25,UPI,213,Interview ok even answer.,Short tell among.,213,Science,Jason Lee,213,Bryan Mills,smithalfred@hotmail.com,995.985.1626,213,Transcript,2025-01-17,/animal/collection.wav,213,Merit Scholarship,Partner catch cost field these car positive size.,20156,213,2025-01-19,213,Richardson-Khan,2025-02-01,0,213,Software Engineer,100 LPA,2025-01-11,Yes,No,1,Yes,88.73,84.33,51.31,2.04,1,Yes,1,1,High,Rejected,Yes
214,Katherine Kim,perezgabriela@yahoo.com,#6OLPVuoB),1,2,1fe26aa1-ddb6-441c-8dfc-17983ec9aed5,214,Mrs. Tracey Thomas,pprice@johnson.com,(580)069-5330,https://www.lorempixel.com/942/637,0,SC,PhD,Angel Kennedy,809-629-5996,Business,214,Electronics,5000000,2 Years,214,1,214,79300,2025-01-23,Net Banking,214,Address condition model city smile.,Our federal little speech wish position grow sell.,214,Engineering,John Sanders,214,Randall Davis,unewton@olson.com,528-246-2199,214,ID Proof,2025-01-13,/cultural/factor.mp3,214,Merit Scholarship,Brother authority both short seem power treat.,32402,214,2025-01-12,214,"Mason, Ford and Murray",2025-01-15,2,214,Data Analyst,11 LPA,2025-01-24,Yes,No,9,Yes,85.96,63.1,24,3.58,3,No,1,3,Low,Waitlisted,Yes
215,Elizabeth Caldwell,michaelmckinney@yahoo.com,+8Z$1TZr^w,1,1,0ab354c7-eb5e-49d4-a299-0a1a8a656a7e,215,Kurt Ballard,julia77@mccormick.com,865-066-7765x2078,https://www.lorempixel.com/802/434,2,ST,Master's,Alexandria Bradford,371.088.2047,Engineer,215,Computer Science,68723,4 Years,215,0,215,79014,2025-01-14,Credit Card,215,Him recent citizen white realize analysis deep.,Into bag body article.,215,Commerce,Billy Vargas,215,Sara Edwards,matthew16@schmidt.com,+1-322-125-1783x109,215,ID Proof,2025-02-04,/guess/show.flac,215,Sports Quota,Window find mean notice clearly.,500000,215,2025-01-09,215,Williams-Mitchell,2025-02-10,1,215,Manager,100 LPA,2025-01-07,No,No,3,Yes,80.79,79.91,77.25,2.2,5,Yes,18,5,Low,Accepted,Yes
216,Christina Jones,edwardfrank@yahoo.com,*8!wS1hO5d,1,2,6aa80afe-aad1-4fe9-a6ec-27f6192cc7d2,216,Nancy Little,heathheather@martinez.info,310.297.9751x5220,https://placeimg.com/869/925/any,0,ST,Master's,Laura Snyder,+1-059-011-0135x42161,Teacher,216,Biotech,195132,2 Years,216,1,216,10000000,2025-02-13,UPI,216,Race guess think human.,Modern hundred politics ago.,216,Science,David Huff,216,Heather Gardner,shawn05@yahoo.com,698.646.8189x0695,216,Transcript,2025-01-07,/sound/simply.mp3,216,Sports Quota,Plan site somebody nature clear time describe.,500000,216,2025-02-06,216,"Adams, Mccoy and Ray",2025-01-17,2,216,Manager,5 LPA,2025-01-09,Yes,No,8,No,97.51,99.39,50.42,2.27,3,Yes,6,3,High,Rejected,Yes
217,,jessicaberry@hart-gonzales.com,V%f4KL*bmj,1,1,3990b951-e594-4dfd-bd03-5b6788e288e0,217,Lucas Waters,rachel31@hotmail.com,(223)333-7300x017,https://www.lorempixel.com/91/48,2,ST,Bachelor's,Lauren Ramirez,+1-072-501-5803x1916,Doctor,217,Mechanical,5000000,2 Years,217,0,217,10000000,2025-02-08,Debit Card,217,Data country push under nation.,Enough man more democratic mean eight understand.,217,Commerce,David Dixon,217,Annette Kelly,joneschristine@price.com,5552199326,217,Transcript,2025-02-03,/page/collection.mp4,217,Need-Based,Pm attack sea church want plant matter movie.,39058,217,2025-01-20,217,Oconnor LLC,2025-01-02,1,217,Manager,6 LPA,2025-01-09,Yes,Yes,9,No,78.84,84.7,98.4,3.69,3,Yes,4,3,Low,Accepted,Yes
218,Emily Davies,rsullivan@yahoo.com,y8$HElOg!W,0,1,6774c987-1363-48a2-b457-28ba92a3bd54,218,Michael Walton,singhlaura@hotmail.com,878.446.0408x08247,https://dummyimage.com/933x530,0,ST,PhD,Melissa Wilson,001-388-773-2893,Business,218,Biotech,85060,4 Years,218,0,218,10000000,2025-01-16,UPI,218,Artist network fight similar piece floor figure.,Open list cover cup consumer.,218,Commerce,Lawrence Lawson,218,Richard Garcia,changshannon@haynes.biz,1992566875,218,ID Proof,2025-02-04,/half/radio.avi,218,Sports Quota,Successful family second total world.,500000,218,2025-02-09,218,Martinez-Lawson,2025-01-29,0,218,Intern,8 LPA,2025-01-29,Yes,Yes,0,No,98.26,54.6,47.34,3.8,2,No,19,2,High,Rejected,Yes
219,Amy Mora,brandytran@peters-taylor.biz,R%RBpG&l_4,1,0,cb63a20a-4a16-4ccc-a46d-343c9c57fa27,219,Mrs. Jenna West,wmason@hotmail.com,(112)442-3414,,1,OBC,Bachelor's,Justin Wood,433.726.0146x53432,Doctor,219,Biotech,141207,2 Years,219,0,219,10000000,2025-01-10,Debit Card,219,Treatment rule agree effort majority.,Study project few state space.,219,Arts,Jessica Little,219,Dr. Kevin Aguilar Jr.,deborahbridges@cain.com,001-478-198-3758x31585,219,Transcript,2025-02-11,/push/prepare.mov,219,Sports Quota,Voice office pressure black blood.,500000,219,2025-01-28,219,Butler PLC,2025-02-03,0,219,Data Analyst,12 LPA,2025-02-09,No,No,,No,53.51,62.41,133.53,2.93,3,Yes,4,3,Medium,Accepted,Yes
220,Evelyn Clark,joanna77@yahoo.com,M*4KVrsHnx,1,0,01554f74-109e-444e-8965-aeecb71ead7b,220,David Ray,sarah05@parker-young.biz,+1-250-754-6392x465,https://placeimg.com/484/649/any,2,SC,PhD,Stephen Miller,001-445-361-5431x1546,Doctor,220,Mechanical,184500,4 Years,220,1,220,177567,2025-01-03,Credit Card,220,Establish manager only.,Everybody movement back be situation group address.,220,Commerce,Eric Wells,220,Ryan Rush,rwilkins@hotmail.com,(436)299-0589,220,Resume,2025-01-03,/over/attack.flac,220,Merit Scholarship,Kid ten well voice require.,500000,220,2025-02-09,220,Finley Ltd,2025-01-30,0,220,Data Analyst,5 LPA,2025-01-25,Yes,Yes,4,Yes,68.27,75.59,197.13,2.34,2,Yes,7,2,Medium,Accepted,Yes
221,Linda Garrison,eayala@gmail.com,*)(RUhkI19,1,1,e1f8ed82-675b-42a6-b05f-cb53f3120f99,221,Jacob Brooks,gbrewer@warren-luna.com,512-868-6113x46245,https://www.lorempixel.com/660/341,2,OBC,Bachelor's,Jesse Hart II,+1-880-913-3913x2756,Doctor,221,Biotech,145980,4 Years,221,1,221,90912,2025-01-13,UPI,221,Response for store force thousand.,Resource ground check beat property meet.,221,Arts,Stephanie Shaffer,221,Shannon Thompson,caitlin15@wagner.net,806-038-3858,221,Resume,2025-01-22,/hear/table.webm,221,Need-Based,There action old wish establish raise.,31167,221,2025-01-19,221,Young-Smith,2025-01-21,2,221,Intern,100 LPA,2025-02-04,Yes,Yes,,No,77.33,63.8,18.26,2.64,0,No,13,0,High,Accepted,Yes
222,David Tapia,rebeccacline@gmail.com,t)9NK6i6YD,0,0,9f80ed81-e601-414e-8160-f9186ca0e959,222,Russell Fox MD,belindabailey@turner-wilcox.com,001-373-403-4527x39497,https://placeimg.com/738/556/any,2,SC,Master's,Cody Barajas,001-262-271-2582,Teacher,222,Civil,127816,3 Years,222,1,222,10000000,2025-01-06,Net Banking,222,Choice industry ball type try baby month.,Different fill nation concern myself that develop.,222,Engineering,Danielle Freeman,222,Dr. Mason Reed,marshallnicole@stephens-richardson.info,362-254-3172x26032,222,ID Proof,2025-02-04,/participant/thank.avi,222,Sports Quota,Significant also something.,500000,222,2025-01-15,222,Armstrong Ltd,2025-02-12,1,222,Data Analyst,100 LPA,2025-02-06,No,No,9,No,86.74,85.82,73.45,2.09,5,Yes,14,5,Medium,Waitlisted,Yes
223,Patricia Wilson,melissa07@yahoo.com,*7YWi6DGBi,1,0,bb4b4d12-fa83-41e9-85aa-17405f0b94e1,223,Jennifer Miller,larry40@hotmail.com,6076529154,https://www.lorempixel.com/119/22,0,OBC,PhD,Charles Hardin,3563361751,Business,223,Computer Science,5000000,3 Years,223,1,223,170888,2025-01-23,Net Banking,223,Culture citizen I sing.,Can suffer drop nothing about produce.,223,Science,Michael Lopez,223,Robert Morales,jesse15@haas.com,4402765109,223,ID Proof,2025-02-03,/laugh/carry.flac,223,Sports Quota,House church memory write.,25220,223,2025-02-08,223,Montoya-Anderson,2025-02-02,2,223,Data Analyst,3 LPA,2025-01-27,No,Yes,3,Yes,87.59,77.48,21.67,2.86,1,No,4,1,Low,Rejected,Yes
224,Kimberly Ortiz,qgonzalez@hernandez.com,^_#DW#Qhm4,0,0,b7fd460d-7b7c-4195-8b04-f7d7bc9e3f46,224,Steven Farmer,ssmith@hensley.biz,038-967-8692x7536,https://placeimg.com/162/767/any,0,SC,Master's,Andrew Jackson,766-514-8980,Doctor,224,Mechanical,5000000,2 Years,224,0,224,10000000,2025-01-09,Credit Card,224,Window together billion nature.,Finally career walk join partner war short if.,224,Commerce,Kylie Clark,224,Donald Gonzalez,steelejoshua@spencer-martin.com,(880)592-7641,224,Resume,2025-01-03,/attention/final.mov,224,Need-Based,Activity Mr hit past personal win road.,37471,224,2025-01-18,224,Jones Ltd,2025-01-18,2,224,Intern,100 LPA,2025-01-06,No,No,,Yes,93.9,53.36,141.35,3.29,0,No,14,0,Low,Accepted,Yes
225,Kenneth Roberts,tina91@hotmail.com,HES8DGZko!,1,1,aab89736-c306-4fea-bfe8-1472a5aa5080,225,Shelby Miller,teresalopez@cunningham-wang.com,058.122.2781,https://dummyimage.com/481x938,1,SC,PhD,Max Owens,294-936-0595x266,Business,225,Computer Science,59890,3 Years,225,1,225,10000000,2025-01-04,Debit Card,225,Generation rise fact determine why.,Life treatment wrong season cut.,225,Science,Hannah Bradley,225,Sandra Webb,timothy65@yahoo.com,(098)038-4173x88918,225,Other,2025-01-06,/thus/continue.mp4,225,Sports Quota,Specific morning appear room can sea six.,44187,225,2025-02-05,225,Guerrero-Nguyen,2025-01-03,0,225,Data Analyst,100 LPA,2025-01-17,No,Yes,1,Yes,61.92,83.95,197.34,2.27,0,Yes,7,0,High,Rejected,Yes
226,Janice Alvarez,salazarbernard@eaton-rangel.biz,(S$lR3Ri6s,1,2,ceccd9c7-e07f-4b33-9b60-918d6efef786,226,Daniel Williams,qskinner@hotmail.com,001-709-735-3864,https://placeimg.com/665/142/any,0,SC,PhD,Jessica Martinez,001-906-422-0125,Doctor,226,Mechanical,5000000,4 Years,226,0,226,151943,2025-01-08,UPI,226,Hospital buy pass similar middle goal view exactly.,Yes agree usually itself chair protect.,226,Commerce,Jacqueline Anderson,226,Chelsea Duncan,hardyangela@white.com,+1-897-817-8587x03348,226,Resume,2025-01-07,/dark/buy.html,226,Sports Quota,Young call goal activity.,500000,226,2025-02-10,226,"Cuevas, Perry and Dean",2025-01-07,1,226,Software Engineer,100 LPA,2025-02-07,No,No,0,No,NULL,93.52,144.74,3.53,4,Yes,7,4,High,Accepted,Yes
227,Jasmine Hall,jessicawalker@gibson.biz,69A8&vy8_5,1,2,4208fdd2-e35e-4378-8e58-753180a49290,227,Elizabeth Chandler,markkeller@pope-miller.com,+1-163-815-3243x2132,https://dummyimage.com/606x78,2,OBC,PhD,Tracy Sullivan,392-459-2151,Teacher,227,Electronics,167157,4 Years,227,0,227,17168,2025-01-02,Net Banking,227,Value ten plant grow career make.,Else certainly country already challenge standard have.,227,Engineering,Morgan Martinez,227,David Smith,brentwilliams@shelton.com,772-201-8357x38248,227,ID Proof,2025-01-08,/whom/light.flac,227,Sports Quota,Within sort same because.,500000,227,2025-01-05,227,"Reynolds, Arellano and Johnson",2025-01-24,1,227,Manager,100 LPA,2025-02-08,No,No,6,No,NULL,60.69,166.7,2.69,4,Yes,8,4,Low,Rejected,Yes
228,Chad Vasquez,glenholland@hotmail.com,x#HoLwi9+9,0,0,e431091b-2039-49a3-ac89-4e8062ba73e4,228,Dr. Robert Wheeler,sonya81@smith.biz,+1-655-227-0921x860,https://dummyimage.com/570x558,2,OBC,PhD,Lisa Buchanan,831.638.7631x175,Doctor,228,Mechanical,5000000,3 Years,228,1,228,197772,2025-02-08,Net Banking,228,Paper surface per different property her trial.,Serve follow spend focus south.,228,Science,Shane Hart,228,Amber Sanchez,stephaniejimenez@hotmail.com,130.490.9227,228,ID Proof,2025-01-15,/upon/current.bmp,228,Sports Quota,Data with a mention gas.,500000,228,2025-01-28,228,Collins-Herrera,2025-01-13,1,228,Software Engineer,100 LPA,2025-01-11,Yes,Yes,2,Yes,55.95,53.49,96.47,2.34,1,Yes,17,1,High,Accepted,Yes
229,Christine Powell,brenda18@clayton.info,*32o(SIdck,0,2,ccb13397-0c84-4d0c-8509-89fa4da8929b,229,Jerry Hicks,mackenziemendoza@gmail.com,422-561-4807,https://placekitten.com/857/278,1,General,Bachelor's,Tamara Smith,001-075-891-3142,Doctor,229,Civil,5000000,2 Years,229,1,229,151740,2025-01-21,Credit Card,229,Five today important tax poor.,Defense blue down whom fast over.,229,Arts,Catherine Bray,229,Joy Barron,sarahvillanueva@molina.com,830.770.3557,229,Resume,2025-01-28,/education/radio.doc,229,Sports Quota,When situation owner authority reach low.,15239,229,2025-01-15,229,Kim-Bright,2025-01-28,1,229,Intern,100 LPA,2025-01-15,No,No,2,No,71.15,86.28,1.79,3.64,1,Yes,6,1,Low,Waitlisted,Yes
230,James Juarez,caseyjames@cabrera.org,Y#M2OvmSqA,1,2,ead5a315-4b7d-47ed-997a-cad453eed7dd,230,Evelyn Bartlett,hendersonkimberly@jarvis.com,+1-500-901-2614x0194,https://www.lorempixel.com/928/694,1,SC,High School,Scott Jensen,9021288321,Engineer,230,Computer Science,5000000,4 Years,230,0,230,196846,2025-01-26,Net Banking,230,Candidate other look market stuff safe.,Cover change ok that.,230,Arts,Kellie Ross,230,Heather Williams,lopezmichael@hotmail.com,198.223.4287x98533,230,ID Proof,2025-01-15,/against/early.wav,230,Sports Quota,Interesting worker rather health admit land anything.,500000,230,2025-01-11,230,Small-Nichols,2025-01-09,1,230,Software Engineer,100 LPA,2025-01-03,No,No,1,Yes,74.64,51.58,188.08,2.5,0,No,19,0,High,Rejected,Yes
231,Evelyn Bradshaw,karlamorris@hotmail.com,_b4oOE+rqA,0,1,1477d203-043f-4b73-83d0-487a9f2d401d,231,Caitlyn Graves,chenalicia@collins-reilly.net,(799)049-3842,https://placekitten.com/594/548,0,OBC,Master's,Dustin Mills,(627)212-4104,Teacher,231,Civil,5000000,4 Years,231,0,231,10000000,2025-01-11,Debit Card,231,Piece detail project man.,My there including perform director accept.,231,Science,Hannah Carr,231,Melissa Jones,alexandra43@hotmail.com,984-033-7455x11495,231,Resume,2025-01-17,/whatever/must.xlsx,231,Need-Based,Personal with never home low and.,500000,231,2025-01-30,231,Lewis-Patel,2025-01-01,0,231,Data Analyst,100 LPA,2025-02-09,No,No,8,Yes,95.53,90.47,39.17,3.57,3,No,2,3,Low,Rejected,Yes
232,Mackenzie Moore,bthomas@schultz.info,Vi4B)1%lJ%,1,1,e43617b7-5afe-4930-ab9f-3fcef675391c,232,Allison Nelson,ldaniels@hotmail.com,001-826-883-6322x2417,https://placekitten.com/412/437,0,ST,PhD,David George,242.284.6178x1960,Teacher,232,Biotech,5000000,2 Years,232,1,232,39592,2025-01-19,Debit Card,232,Rather ask listen score turn value color edge.,Never model gas sure.,232,Commerce,Henry Mckinney,232,Michael Santiago,ohall@gmail.com,264.147.2841x232,232,Other,2025-01-25,/hotel/we.flac,232,Sports Quota,Find stage across position thousand.,11329,232,2025-01-12,232,"Joseph, Johnson and Hinton",2025-01-22,0,232,Manager,10 LPA,2025-02-11,No,No,6,No,98.12,69.86,137.39,3.28,5,No,11,5,Low,Waitlisted,Yes
233,Jose Rice,mccarthyjoseph@powell.net,_1I84gJb68,0,2,5c99b20f-18d8-40e7-b335-fc03ccbd9f97,233,Mr. David Stafford,jacob52@martin.biz,152-183-6949,https://placekitten.com/810/979,2,General,Bachelor's,Michael Collins,+1-013-160-2105x25040,Engineer,233,Biotech,55201,4 Years,233,1,233,10000000,2025-01-25,Credit Card,233,Through increase new grow our although.,Approach data difficult.,233,Arts,Linda Wilkins,233,Ryan Castillo,mary11@yahoo.com,(066)294-7378x301,233,Resume,2025-01-04,/organization/finally.odp,233,Sports Quota,Often light fire condition air politics record continue.,500000,233,2025-01-24,233,"Johnson, Velasquez and Wright",2025-01-17,1,233,Manager,100 LPA,2025-02-06,Yes,Yes,7,Yes,54.7,92.27,85.62,3.52,0,No,15,0,High,Rejected,Yes
234,,luisthomas@gmail.com,w@1Cd&r!N@,1,2,ae848a18-d551-42b1-a52b-2a7ecf9d68f2,234,Katherine Walker,donna62@baker.com,896.922.5059x725,https://placeimg.com/833/69/any,0,OBC,PhD,Veronica Reeves,842-433-2464x14582,Business,234,Civil,5000000,3 Years,234,1,234,162303,2025-01-13,UPI,234,Often mean field can.,You move herself defense attorney career.,234,Commerce,Emily Lewis,234,Raymond Gordon,aperez@hotmail.com,243.321.8117,234,Transcript,2025-02-08,/change/make.html,234,Need-Based,Hand thousand he recent most than my.,19388,234,2025-01-04,234,Smith Inc,2025-01-05,1,234,Intern,100 LPA,2025-01-17,Yes,No,7,No,55.72,65.08,62.44,2.86,4,Yes,11,4,Low,Waitlisted,Yes
235,Nathan Delacruz,hernandezalexander@barker.biz,%05v3CqUc%,0,2,ad662b82-cc62-49bd-98da-b0b22e2b7272,235,Daniel Gamble,hoffmankaren@yahoo.com,948-432-1517x95779,https://placeimg.com/653/884/any,0,SC,High School,Katelyn Lawrence,(535)710-6032,Business,235,Electronics,196442,4 Years,235,1,235,24269,2025-01-04,UPI,235,Interesting take community down start.,Girl rather it at fish customer.,235,Science,Brian Short,235,Douglas Shepherd,ryan03@gmail.com,441.260.2875x790,235,Transcript,2025-01-21,/culture/everybody.webm,235,Sports Quota,Special enjoy age daughter item enjoy.,35501,235,2025-01-20,235,"Olsen, Durham and Jones",2025-01-14,2,235,Manager,7 LPA,2025-01-02,Yes,Yes,,No,92.75,52.23,51.86,2.31,3,No,8,3,Low,Rejected,Yes
236,Sandra Richards,heather47@lee-white.com,o&zS16Azkp,1,1,40f82ead-790f-4818-b89b-b83d30083b2d,236,Casey Vaughn,jessicacollins@gmail.com,001-591-293-3588x896,https://placeimg.com/801/71/any,1,OBC,Bachelor's,Amber Martinez,+1-580-795-0077x023,Doctor,236,Mechanical,136649,2 Years,236,1,236,49258,2025-01-12,UPI,236,Alone answer chair smile Democrat too quickly.,Question though many school specific.,236,Engineering,Rachel Day,236,Paul Hester,jlogan@yahoo.com,001-357-696-4264,236,ID Proof,2025-02-02,/yourself/where.webm,236,Merit Scholarship,Field bank raise discover painting citizen.,49368,236,2025-02-08,236,"Morton, Smith and Johnson",2025-01-29,0,236,Data Analyst,6 LPA,2025-01-05,No,Yes,4,No,60.06,57.83,171.03,2.75,3,Yes,7,3,Medium,Accepted,Yes
237,Matthew Merritt,edward84@ford-paul.com,o67LVUj%_^,1,1,9c7e5f33-af38-4348-a3a0-8c2336e0d4e7,237,Evan Manning,martinezalexander@smith.org,320-157-7316x195,https://dummyimage.com/383x552,1,SC,High School,Steve Contreras,+1-238-522-7149x7166,Doctor,237,Computer Science,131078,3 Years,237,1,237,10000000,2025-01-27,Debit Card,237,Student situation fall Mrs morning risk oil.,Scene social practice when attorney east.,237,Commerce,Amy Thomas MD,237,Luis Leblanc,patriciaholmes@mack.com,+1-837-372-6804,237,ID Proof,2025-01-11,/fight/mean.mov,237,Sports Quota,Lead prepare usually the imagine environmental.,37539,237,2025-01-21,237,Young-Newton,2025-01-29,2,237,Intern,100 LPA,2025-01-08,Yes,No,4,Yes,54.91,76.33,41,3.76,3,No,14,3,Low,Accepted,Yes
238,Eric Nelson,courtney02@gmail.com,%8yaCR(eaH,0,0,950335bc-3ea3-4ac3-92c7-db40e68815c8,238,Joseph Ferguson,faith00@gmail.com,001-790-302-4269,https://placeimg.com/791/671/any,2,General,Bachelor's,Charles Vasquez,001-542-232-3903,Other,238,Computer Science,163603,4 Years,238,1,238,169251,2025-02-09,Credit Card,238,Real sometimes let certainly no place lead.,Central month recognize.,238,Commerce,April Bryan,238,Melinda Walker,amanda77@frye.info,935-421-7021,238,Other,2025-01-13,/when/dark.jpeg,238,Need-Based,Like central certainly visit must hope.,500000,238,2025-02-09,238,Sutton-Evans,2025-01-21,0,238,Software Engineer,3 LPA,2025-01-22,No,Yes,5,Yes,91.44,78.56,8.25,3,2,No,9,2,Low,Waitlisted,Yes
239,Gregory Reyes,turneraaron@gmail.com,#8Hu%A4GDi,0,1,c87d6397-3677-4c15-b75f-b4a9917a1c92,239,Scott Brooks,roycynthia@hotmail.com,+1-776-536-4105,,2,OBC,High School,Heather Smith,(970)801-1049x112,Doctor,239,Biotech,5000000,3 Years,239,1,239,10000000,2025-01-19,Credit Card,239,Center surface never.,Too out one close meeting.,239,Science,Samuel Rodriguez,239,Kristen Jackson,christinahowe@yahoo.com,275.054.6265,239,ID Proof,2025-01-09,/mother/energy.mov,239,Merit Scholarship,Interview pick like concern.,500000,239,2025-01-15,239,Harris-Montoya,2025-01-18,2,239,Data Analyst,7 LPA,2025-01-03,Yes,Yes,1,Yes,74.16,69.33,162.61,3.03,1,Yes,6,1,High,Accepted,Yes
240,Heather Terry,garyblack@gmail.com,%1km$Lvgv5,0,0,274c546c-9228-4253-b425-9e0a26371c27,240,Jennifer Garner,vjenkins@davis.com,(268)099-9968x27977,https://placeimg.com/792/852/any,1,ST,High School,Michaela Gay,001-302-506-9729,Business,240,Computer Science,5000000,2 Years,240,0,240,10000000,2025-01-24,Credit Card,240,Win option happen use.,Stage item city career nature occur customer.,240,Engineering,Jessica Newman PhD,240,Anthony Schroeder,njacobs@miller-anderson.com,+1-666-315-4075x992,240,Transcript,2025-02-07,/important/water.tiff,240,Merit Scholarship,Collection wonder trial nothing water list certainly.,500000,240,2025-01-25,240,"Taylor, Rhodes and Hill",2025-01-20,0,240,Software Engineer,100 LPA,2025-01-17,Yes,Yes,6,No,0,84.11,154.84,2.52,4,No,16,4,Medium,Accepted,Yes
241,Amanda Joseph,prattdanielle@gmail.com,!93N&eJxmx,0,2,f98a8a3a-a649-4376-8344-d24de1e9d1f9,241,Sean Mack,rodgersdavid@hotmail.com,001-043-623-4025x57352,https://placekitten.com/486/422,0,General,High School,Gary Wright,001-370-553-9800x1358,Business,241,Computer Science,74199,4 Years,241,1,241,10000000,2025-01-26,UPI,241,Lawyer support manage describe himself stand.,Beat fear capital serve charge population.,241,Arts,Tiffany Barnes,241,Vanessa Sanders,bhale@yahoo.com,+1-498-806-1367x8180,241,ID Proof,2025-01-24,/when/voice.xls,241,Merit Scholarship,Visit clearly side move best recently.,500000,241,2025-01-28,241,Walker Ltd,2025-01-27,2,241,Software Engineer,100 LPA,2025-02-10,Yes,Yes,2,No,NULL,70.03,62.7,2.55,5,Yes,12,5,Low,Waitlisted,Yes
242,James Irwin,,1VW%J7uj$O,0,1,6501a9a5-a0fe-42a7-82d7-032146b037a4,242,April Ellison,laura43@scott.com,971.837.5285x76950,https://placeimg.com/726/390/any,2,SC,Bachelor's,Amanda Park,(154)761-3282x707,Teacher,242,Electronics,5000000,3 Years,242,1,242,10000000,2025-02-11,Net Banking,242,Help church service enjoy hold hard sport move.,Must compare his certainly.,242,Arts,Daniel Harrison,242,Charles Shepherd,davidolson@ochoa.biz,001-378-302-3236x3470,242,ID Proof,2025-01-08,/find/understand.mp4,242,Sports Quota,Mind reflect actually note cell from condition.,23993,242,2025-01-19,242,"Flynn, Morrison and Duran",2025-01-08,1,242,Data Analyst,7 LPA,2025-01-03,No,Yes,8,No,97.02,66.22,158.06,3.86,5,No,16,5,Low,Waitlisted,Yes
243,Veronica Jones,louis05@roberts-smith.com,+3U#ZG5E9u,0,1,6eac7c44-a882-4d89-bbd0-bf9a668f0e29,243,Amy Lane,younggabriela@hotmail.com,6522861643,https://placeimg.com/900/451/any,2,OBC,Bachelor's,Alexandra Russell,001-586-831-0336x997,Engineer,243,Electronics,186421,2 Years,243,0,243,10000000,2025-01-03,UPI,243,Hear turn current kind wear reflect.,Economy I week serve note herself.,243,Arts,Mitchell Townsend,243,Jon Brown,george09@hotmail.com,(325)594-5810x1464,243,Transcript,2025-02-05,/us/so.csv,243,Need-Based,Number necessary those but top culture.,19488,243,2025-02-07,243,Levy-Cervantes,2025-01-18,0,243,Software Engineer,100 LPA,2025-01-04,No,Yes,4,No,53.22,51.53,195.54,3.81,2,Yes,2,2,High,Rejected,Yes
244,Cynthia Mullins,kimberly36@bailey.com,N9VNMj&g_g,0,1,1c8f2db0-b7eb-405b-864e-8ae20cbdbb70,244,Jackie Romero,karen80@bright.com,186-988-3552x753,https://placekitten.com/905/606,1,OBC,Master's,Mark Sanchez,260-883-9163x89512,Doctor,244,Electronics,5000000,4 Years,244,1,244,10000000,2025-01-12,Net Banking,244,Card person she send suddenly hot job throughout.,Star collection big number.,244,Engineering,Jennifer Smith,244,Amy Chandler,jason51@hotmail.com,996.764.0806x5583,244,Other,2025-01-11,/apply/entire.avi,244,Merit Scholarship,Action loss box deep probably his agency.,25725,244,2025-02-07,244,"Johnson, Thompson and Rivera",2025-01-25,0,244,Software Engineer,12 LPA,2025-01-11,Yes,Yes,6,No,75.37,92.91,28.55,3.87,2,Yes,16,2,Medium,Waitlisted,Yes
245,James Jones,michael55@shepherd.com,X23(X&hd*Y,1,1,6727ac57-d904-4aea-8370-c23e63be8db4,245,Rhonda Jacobs,tsanford@hotmail.com,(905)624-3509,https://placeimg.com/905/830/any,2,General,Bachelor's,Michelle Barker,001-570-498-8850x58622,Engineer,245,Electronics,72137,2 Years,245,1,245,10000000,2025-02-02,Credit Card,245,Wonder maybe successful decide.,While discuss surface fall consumer.,245,Arts,Nicole Kerr,245,Jessica Rivas,jortiz@robinson.com,521.824.5863,245,Other,2025-01-02,/next/move.jpg,245,Merit Scholarship,Relationship walk human join.,26246,245,2025-01-23,245,Morris Group,2025-01-25,2,245,Software Engineer,12 LPA,2025-02-02,No,Yes,5,No,51.93,82.23,164.56,3.96,2,Yes,17,2,High,Accepted,Yes
246,Laurie Jones,megan22@brown-delacruz.com,)pJHwGFCE1,1,2,5b087521-17bf-4815-b4f8-cf1d2ce0e64a,246,Mark Boyer,darrell89@leonard.info,464.969.9175x112,https://dummyimage.com/258x603,2,ST,PhD,Robert Espinoza,001-019-046-3042x50540,Teacher,246,Computer Science,5000000,3 Years,246,1,246,185325,2025-01-11,Net Banking,246,Picture science film least.,Action race represent place notice chair city.,246,Commerce,Rebecca Suarez,246,Shelly Morales,kirsten23@hotmail.com,(767)840-4451,246,Transcript,2025-01-01,/benefit/in.mp3,246,Need-Based,Stock responsibility owner machine when.,47267,246,2025-01-28,246,Nunez LLC,2025-02-05,2,246,Manager,100 LPA,2025-01-21,Yes,No,7,No,75.62,87.64,183.96,3.86,3,Yes,6,3,High,Waitlisted,Yes
247,Sarah Castro,kennethprice@mcgee.com,MoAz4Ozv!a,1,1,1b7f0c0e-5c02-4e01-ac3b-3e9521f83f92,247,Cheryl Velasquez,qgomez@duffy-park.com,(589)941-3377,https://www.lorempixel.com/565/671,1,General,Bachelor's,Emily Hawkins,755.048.4362,Business,247,Computer Science,130994,2 Years,247,1,247,20093,2025-01-06,Net Banking,247,For sign we raise right rule.,Bill be fact light appear within.,247,Arts,Patricia Grant,247,Luis Newman,qware@greer.com,226.957.9279x8053,247,Transcript,2025-01-14,/fund/likely.ods,247,Sports Quota,Around attack member say most might organization.,45067,247,2025-02-10,247,"Campbell, Taylor and Smith",2025-02-02,0,247,Intern,6 LPA,2025-01-26,No,Yes,6,Yes,79.32,0,82.63,3.75,3,Yes,12,3,Low,Rejected,Yes
248,Robert Lopez,wallen@yahoo.com,d8tT&3bL$5,0,2,bab27133-fac6-4e3b-8683-9bb8e9e676e7,248,Shawn Aguilar,bishopkristen@hotmail.com,(148)631-8420x631,https://dummyimage.com/248x683,0,ST,Bachelor's,Elizabeth Miller,728077576,Doctor,248,Mechanical,157592,3 Years,248,1,248,10000000,2025-01-05,UPI,248,Feeling down great key stay trip.,Because fish white high report.,248,Commerce,James Henry,248,Bradley Smith,mgilbert@yahoo.com,001-847-506-3071x88880,248,Transcript,2025-01-05,/leader/stage.xls,248,Merit Scholarship,Tell fine model exist music drop race nor.,500000,248,2025-01-17,248,Mcclain-Young,2025-01-15,2,248,Software Engineer,100 LPA,2025-02-12,Yes,No,7,No,85.71,62.79,87.34,2.04,3,No,18,3,Medium,Accepted,Yes
249,Bernard Ball,gstone@yahoo.com,jvc5iAw2R_,1,2,5b429f6d-3d3a-43ad-ace0-51defc74e6c8,249,Justin Collins,jadewolfe@gmail.com,175.997.1821,https://placekitten.com/179/228,0,ST,PhD,Erica Long,164-704-7735x88146,Other,249,Mechanical,5000000,2 Years,249,0,249,189301,2025-01-03,Debit Card,249,Bad institution move system group face present.,Option Democrat could small.,249,Engineering,Eugene Tran,249,John Smith,amygarcia@walker.net,001-197-399-6712x0767,249,Other,2025-01-01,/certain/local.wav,249,Sports Quota,Many as listen end decision rate how.,40718,249,2025-01-26,249,"Hill, Reynolds and Baldwin",2025-02-07,2,249,Software Engineer,5 LPA,2025-01-21,Yes,Yes,3,Yes,70.93,81.43,140.64,3.41,4,No,2,4,High,Rejected,Yes
250,Cheryl Norris,greeneterri@yahoo.com,*6KO+BGgO@,0,1,a2614972-a148-4226-b2de-aac6aeef3c6f,250,Kathryn Reed,nwilson@mathis.com,(142)102-2836x85660,https://placekitten.com/497/374,1,OBC,PhD,Emily Thomas,+1-833-864-7557x517,Business,250,Civil,5000000,2 Years,250,0,250,10000000,2025-01-04,Net Banking,250,Plan population attack.,Yeah school ball affect them eat.,250,Engineering,Dwayne Brock,250,Timothy Riley MD,william27@hawkins.com,3805220574,250,Other,2025-01-23,/plan/establish.numbers,250,Need-Based,Season recognize food chance pass particular ago although.,17284,250,2025-01-09,250,Ashley-Thompson,2025-01-20,1,250,Software Engineer,4 LPA,2025-01-13,No,Yes,7,Yes,0,68.51,157.14,2.07,4,No,13,4,Medium,Accepted,Yes
251,Lisa Byrd,zrussell@yahoo.com,)57O&zXnSR,0,2,43215d90-242f-4d66-81ff-a1a6a89b08ca,251,Mark Johnson,beth07@johnson.com,(476)252-6526x924,https://placekitten.com/818/629,1,General,High School,Chad Flores,001-079-207-5871x010,Doctor,251,Civil,51456,4 Years,251,0,251,10000000,2025-01-14,Net Banking,251,Range professor future.,Summer artist according final.,251,Science,Jennifer Crawford,251,Jason Bruce,david58@thomas.biz,001-906-087-1815x3198,251,Other,2025-01-05,/herself/to.txt,251,Merit Scholarship,Wonder nothing senior eight out set tough feeling.,500000,251,2025-02-05,251,"Salinas, Flores and Castillo",2025-01-21,1,251,Manager,100 LPA,2025-01-08,Yes,Yes,9,No,78.8,75.67,195.06,2.02,3,No,11,3,Medium,Waitlisted,Yes
252,Ricky Oconnor,brookejones@hotmail.com,#T929UOi^U,0,1,f6f5e473-3208-44a1-886b-77a1f8efebc5,252,Bryan Rodriguez,nunezjennifer@hotmail.com,136.077.2866x86150,https://placeimg.com/258/672/any,1,General,High School,Ruben Garner,5852018701,Other,252,Biotech,5000000,3 Years,252,0,252,89286,2025-01-20,UPI,252,Theory physical nature store simple or.,Approach crime green give.,252,Commerce,Patrick Washington,252,John Meza,ismith@hotmail.com,+1-612-980-6863,252,Other,2025-02-08,/parent/religious.js,252,Sports Quota,Main get nor impact development even increase.,40589,252,2025-01-20,252,"Hernandez, Alexander and Walters",2025-01-09,1,252,Data Analyst,8 LPA,2025-01-30,Yes,No,0,Yes,75.7,71.1,197.23,3.62,5,Yes,18,5,High,Accepted,Yes
253,Ashley Avila,reynoldssteven@gmail.com,8CnV+pQi!e,1,2,877824fc-e722-4833-9eea-63c009a5bb06,253,Marcus Mann,rosedavid@salinas-moreno.info,+1-675-270-9294x1623,https://placekitten.com/369/418,2,General,Master's,Tammy Rasmussen,288.155.6028x762,Engineer,253,Computer Science,69374,4 Years,253,0,253,70403,2025-01-06,Credit Card,253,As hand food increase only finish.,Mother bad among pattern.,253,Engineering,Pam Mcdonald,253,Robert Carroll,jocelyn52@rodriguez.org,+1-746-774-0180,253,Transcript,2025-01-28,/word/those.wav,253,Need-Based,Possible story friend world seat however sister.,32939,253,2025-01-15,253,English and Sons,2025-01-26,0,253,Intern,100 LPA,2025-02-13,No,Yes,7,Yes,54.78,86.76,74.81,2.67,2,Yes,2,2,Medium,Waitlisted,Yes
254,Andrew Joyce,robin15@stout-gonzales.com,!Ak8%7Yv54,0,0,8177c4ce-27fb-4f68-b0f0-fb4fba099d88,254,Kevin Garner,pford@hughes.com,503.877.6254,https://www.lorempixel.com/173/733,0,General,Bachelor's,Christy Wright,001-916-953-1836x290,Doctor,254,Civil,5000000,2 Years,254,1,254,10000000,2025-01-31,Credit Card,254,Somebody order cup energy.,Remember bad near.,254,Engineering,Paul Williams,254,James Williamson,scottrichmond@taylor.com,+1-553-780-5887,254,Other,2025-01-03,/future/blood.key,254,Need-Based,Various approach game point.,24826,254,2025-02-13,254,Andersen-Castillo,2025-01-05,2,254,Software Engineer,7 LPA,2025-01-31,Yes,Yes,5,No,57.56,65.66,115.38,2.26,1,No,11,1,High,Accepted,Yes
255,David Rose,vmurphy@lopez.com,^u8O2FIkHg,0,0,46850de9-73e6-4526-b0f9-fbd96e1535cb,255,Alicia Garza,bhardin@vega-carroll.info,680.549.7489,https://dummyimage.com/958x928,0,OBC,High School,Chad Hill,+1-868-973-3580,Teacher,255,Computer Science,5000000,3 Years,255,1,255,10000000,2025-01-21,UPI,255,Data anything trial natural like argue instead.,Safe treat town fear be social move.,255,Arts,Richard Newton,255,Lisa White,marshallshannon@krause.com,223-458-2460x531,255,Transcript,2025-02-03,/quickly/cover.html,255,Merit Scholarship,Treat party yet all floor truth.,18123,255,2025-01-11,255,Ortega-Hunter,2025-01-24,0,255,Intern,10 LPA,2025-02-04,Yes,Yes,2,Yes,93.21,91.15,10.13,3.56,2,No,16,2,High,Accepted,Yes
256,Sarah Scott,christopher97@duncan.com,i&$3)nFRLe,0,2,86aa5b3b-739f-49eb-9854-ee0b50e06c09,256,Kayla Scott,cjackson@gmail.com,(899)749-9267x3133,https://www.lorempixel.com/331/239,1,General,Master's,David Knapp,(676)695-4531,Engineer,256,Electronics,5000000,3 Years,256,1,256,104899,2025-01-28,Credit Card,256,Employee class teacher product.,Travel not accept section step thought study.,256,Science,Kathy Smith,256,Laura Ayala,kennedyheather@foster.com,(175)156-4561x355,256,Other,2025-01-11,/example/stop.jpg,256,Need-Based,Maintain new reduce yes month realize military.,19410,256,2025-02-12,256,Smith Inc,2025-01-30,1,256,Data Analyst,100 LPA,2025-02-13,Yes,Yes,,Yes,NULL,80.3,112.09,2.24,5,No,1,5,Low,Accepted,Yes
257,John Evans,josealvarado@gmail.com,!3mH%U5yDk,1,1,dad280f6-551d-476e-88f1-309eeb5bd1ae,257,John Weber,sharonklein@hotmail.com,(880)155-8670x270,https://placekitten.com/497/690,0,SC,High School,Tammy Fitzgerald,001-546-989-0001x2067,Other,257,Civil,112783,2 Years,257,1,257,10000000,2025-01-30,Net Banking,257,Particular contain success pass far.,Change along including method decision.,257,Science,Jordan Simmons,257,Dr. Andrew Meyer,awatson@cabrera-werner.net,179-432-0227x43659,257,ID Proof,2025-01-09,/expect/Republican.html,257,Merit Scholarship,Level mission explain paper admit might degree.,500000,257,2025-02-09,257,Hahn-Mendez,2025-01-08,0,257,Data Analyst,100 LPA,2025-02-09,No,No,3,No,63.07,54.03,151.84,3.01,4,No,16,4,High,Accepted,Yes
258,Benjamin Yu,jesuscase@gmail.com,G#z35DAg(f,1,0,cda3a1e3-0487-43b5-9631-4c16003f2084,258,Brenda Kirby,rochacrystal@yahoo.com,961-663-4102x492,https://placekitten.com/134/120,1,SC,Master's,Michael Baker,(830)815-7284x848,Business,258,Computer Science,5000000,2 Years,258,1,258,51145,2025-01-28,UPI,258,Else entire through project put front surface.,Someone actually deep.,258,Commerce,Deanna Rogers,258,Vickie Mercer,adamscathy@stevenson.net,642.486.2414,258,ID Proof,2025-02-09,/suffer/clearly.mp3,258,Need-Based,Increase always anything training challenge.,500000,258,2025-01-19,258,Kennedy-Johnson,2025-01-24,0,258,Manager,100 LPA,2025-01-17,No,No,5,No,99.79,55.56,174.01,2.48,5,No,5,5,Low,Accepted,Yes
259,Andrea Murphy,allison97@bryan.org,k!2RsK817m,0,1,d54ee47f-44ca-40b3-89c9-1bc263442ab1,259,Joseph Schmidt,horndonald@warren.com,915-506-3302x227,https://dummyimage.com/302x976,2,SC,High School,Anthony Brooks,(221)232-5595x5648,Engineer,259,Biotech,5000000,4 Years,259,0,259,10000000,2025-02-05,Credit Card,259,Lose ever really cover thousand event ask.,Watch team entire floor election effort.,259,Science,Carmen Dalton,259,Christina Harper,jesse24@meyers.com,+1-367-393-3743x9465,259,Transcript,2025-01-05,/state/work.webm,259,Merit Scholarship,Central interest may less.,43480,259,2025-01-07,259,Blevins Ltd,2025-01-13,1,259,Intern,100 LPA,2025-01-18,Yes,Yes,2,Yes,87.09,99.63,135.99,2.03,1,Yes,19,1,Low,Waitlisted,Yes
260,Sarah Phillips,christywalsh@mcdonald-lloyd.com,*t3^!AfT+_,0,0,042380fc-9aab-47b0-86b3-66fbecf19da5,260,Robert Merritt,bakermichael@hotmail.com,+1-184-345-3375x15997,https://www.lorempixel.com/288/172,0,OBC,Bachelor's,Shelby Mitchell MD,+1-750-004-7085x103,Engineer,260,Mechanical,5000000,2 Years,260,1,260,10000000,2025-01-24,UPI,260,Difference general score hair.,Even fall avoid and strategy stand.,260,Engineering,Lisa Martinez,260,Brandon Bowen,smithsusan@hotmail.com,474.037.7246x544,260,Resume,2025-01-06,/peace/item.html,260,Merit Scholarship,Program society those heavy.,500000,260,2025-02-06,260,Flores Inc,2025-01-20,2,260,Software Engineer,100 LPA,2025-02-03,Yes,Yes,1,Yes,65.1,71.9,144.19,3.82,3,No,3,3,High,Waitlisted,Yes
261,Robert Scott DDS,zimmermankelly@gmail.com,^3oX*ZEe6m,1,1,9b46fcd4-58eb-4341-957e-2afa423bd348,261,Jessica Waller,stephanieware@gmail.com,001-796-720-5362x5077,https://placekitten.com/835/552,2,ST,Master's,Kevin Cook,001-752-581-3708x3416,Other,261,Computer Science,5000000,3 Years,261,0,261,10000000,2025-01-12,UPI,261,Now nor long become fish scene two want.,Eye sea government water.,261,Arts,Melissa Phillips,261,Kenneth Diaz,zblack@weeks-munoz.com,976.430.5767x00964,261,Transcript,2025-01-20,/make/describe.csv,261,Merit Scholarship,Test natural rock.,16389,261,2025-01-05,261,"Robinson, Potts and Gross",2025-02-05,1,261,Manager,100 LPA,2025-01-04,No,Yes,3,Yes,98.05,75.96,130.85,3.55,1,Yes,18,1,Low,Rejected,Yes
262,Alison Smith,umills@gmail.com,dZCtw85zX@,1,1,5a437866-0817-4416-8158-73417612cca8,262,Ryan Bond DDS,gcallahan@hotmail.com,143.865.4567x553,https://dummyimage.com/822x1,1,SC,High School,Deborah Le,172.638.7425x640,Teacher,262,Biotech,5000000,3 Years,262,0,262,99120,2025-01-23,UPI,262,Team experience system loss.,Light deal worry read order hot budget.,262,Arts,Tonya Johnson,262,Kathleen Pratt,amanda37@gmail.com,001-675-237-7125x28958,262,Other,2025-01-14,/end/yeah.jpeg,262,Merit Scholarship,Total meeting like step itself choose.,500000,262,2025-01-02,262,King-Meyer,2025-02-05,2,262,Software Engineer,12 LPA,2025-01-08,Yes,Yes,6,No,87.13,52.8,75.9,2.68,4,No,15,4,Low,Accepted,Yes
263,Jordan Ochoa,cynthiabrown@hotmail.com,ie0UDsxn)S,1,2,025bf97a-fda2-47fd-86a1-5c52eb678c69,263,Jay Berry,qwilliams@yahoo.com,2058595608,https://dummyimage.com/597x673,1,ST,Master's,Kyle Roth,(212)837-7648x16645,Teacher,263,Electronics,107737,3 Years,263,0,263,165830,2025-01-03,Credit Card,263,Late term blue agreement little.,Represent reflect morning trial health down you.,263,Engineering,Justin Thomas,263,Melissa Hardin,qadams@yahoo.com,2664142350,263,ID Proof,2025-01-23,/leave/look.webm,263,Merit Scholarship,Charge moment beat style remember result carry tonight.,20588,263,2025-01-19,263,Smith-Bird,2025-01-12,0,263,Software Engineer,100 LPA,2025-01-11,Yes,No,7,Yes,84.77,57.39,136.42,2.21,2,No,2,2,High,Accepted,Yes
264,James Garcia,michael80@davidson.com,#1aG*zz1*%,0,1,8e0f86cc-ac81-46c8-980c-0e7096bfa7df,264,Sean Cohen,qblair@daniel.biz,075-339-7178,https://dummyimage.com/959x129,2,OBC,Bachelor's,Frank Patrick,7999217278,Business,264,Civil,5000000,3 Years,264,0,264,10000000,2025-02-05,Debit Card,264,Fact remain down weight table serious.,Item maintain ability service line add career.,264,Commerce,Gabriel Mendoza,264,Melissa Burton,scottjamie@friedman.org,6124927387,264,Resume,2025-01-08,/specific/class.css,264,Merit Scholarship,Control cut especially bill care investment.,500000,264,2025-01-28,264,Sims-Fuller,2025-01-03,0,264,Intern,6 LPA,2025-01-24,No,Yes,7,No,77.97,50.5,23.97,2.56,3,Yes,12,3,Low,Rejected,Yes
265,Bruce Reyes,charles08@mason.org,obW9+CsaD*,1,0,84da6be1-107b-489b-b41c-9a8eb319af82,265,Colleen Miranda DDS,rosechristopher@yahoo.com,001-682-231-3662x481,https://www.lorempixel.com/210/34,0,OBC,High School,Sierra Kelley,+1-587-380-9439x3886,Other,265,Civil,5000000,2 Years,265,0,265,10000000,2025-01-15,UPI,265,Leave social already around.,Forward interesting picture.,265,Arts,Lori Cobb,265,Jessica Nielsen,nancyhall@bradley.biz,001-505-997-6815,265,Resume,2025-01-15,/thousand/list.wav,265,Sports Quota,All amount able or.,36388,265,2025-01-31,265,"Torres, Jenkins and Fowler",2025-02-04,1,265,Software Engineer,100 LPA,2025-01-30,No,Yes,1,No,68.17,84.28,41.99,2.74,1,No,13,1,Medium,Accepted,Yes
266,Amy Powell,,mQf@3PIh3(,0,2,57ebf45f-e215-46bb-9c14-ab9befce8bdb,266,Christopher Thompson MD,pamela98@harris-martinez.com,001-964-130-8096x2334,https://dummyimage.com/110x531,1,General,Master's,Jonathon Landry,468.485.5663,Business,266,Electronics,132330,4 Years,266,1,266,10000000,2025-01-17,UPI,266,Woman popular consumer project throw sing voice.,Measure start different consider near something such local.,266,Arts,Lauren Garza,266,Michelle Davis,alexis40@hotmail.com,336-960-3753x76023,266,Transcript,2025-01-13,/gas/game.txt,266,Merit Scholarship,Company anyone chance look three type another animal.,47820,266,2025-01-28,266,Hill Inc,2025-01-18,2,266,Intern,100 LPA,2025-01-13,Yes,No,5,No,88.29,60.13,188.17,2.86,1,No,3,1,Medium,Waitlisted,Yes
267,Meredith Brown,monica04@gmail.com,*8OFkC1hOg,0,2,fc23dbec-39b5-4a18-a8d8-eada0ec4c215,267,Nicole Vazquez,jcarter@gmail.com,(696)849-2708x77075,https://dummyimage.com/67x947,2,General,Bachelor's,Patricia Mills,575.612.5241x76972,Other,267,Biotech,5000000,4 Years,267,1,267,10000000,2025-01-03,Net Banking,267,Within prove chair.,Car power near pressure part city.,267,Engineering,Diane Conner,267,Philip Kelly,fernandezjacob@yahoo.com,692-064-1652,267,ID Proof,2025-02-04,/ball/land.json,267,Sports Quota,Thousand authority Republican certain out vote.,31293,267,2025-01-22,267,Stephenson Group,2025-01-14,0,267,Software Engineer,9 LPA,2025-01-17,No,No,5,No,90.35,82.52,129.67,3.6,2,No,2,2,Low,Rejected,Yes
268,Bradley Khan,danacrawford@gmail.com,Kx9Sa2%EX^,1,1,c8df9fee-b858-4961-a6b2-dc4b3cbc87ae,268,Chad Perry,twatson@hotmail.com,+1-412-968-4778x85144,https://placeimg.com/72/983/any,2,General,PhD,Omar Ramos,(600)356-4339,Other,268,Civil,5000000,2 Years,268,0,268,10000000,2025-02-07,UPI,268,Kid we particularly pick add share tough.,Itself yourself could anyone stand them sea.,268,Science,Cody Phillips,268,Jesse Davis,aarondavis@yahoo.com,192-470-3094x353,268,ID Proof,2025-02-02,/door/maintain.ppt,268,Merit Scholarship,Interview arrive actually bag expert entire.,500000,268,2025-01-23,268,Serrano PLC,2025-02-08,0,268,Software Engineer,10 LPA,2025-02-12,No,Yes,8,Yes,87.53,53.77,84.54,3.54,4,No,15,4,High,Waitlisted,Yes
269,Susan Robles,zwilliams@bailey.biz,5y2yCfNp6_,0,2,5b8e3d9e-e8e5-487a-9cc4-0164baf88152,269,Michael Fry,christina64@mueller.net,(535)246-5574,,1,General,High School,Mark Singh,9304677197,Engineer,269,Civil,5000000,4 Years,269,0,269,10000000,2025-02-03,Credit Card,269,Risk fall than between.,Today situation season even.,269,Science,Lauren Rivera,269,Christopher Smith,seth93@fox.com,(609)351-9473x9430,269,Other,2025-01-21,/course/walk.pages,269,Need-Based,Deal something hot anyone where Mrs add.,500000,269,2025-01-07,269,"Benton, Perez and Williams",2025-01-30,1,269,Data Analyst,100 LPA,2025-01-08,No,Yes,0,No,78.7,57.02,93.78,3.53,4,No,16,4,High,Rejected,Yes
270,Fred Jones,,Er4IkwWqX%,1,0,4484d994-a0ca-4ea8-b6f4-211de79148c8,270,Mike Smith,amy78@gmail.com,+1-498-234-4349x06232,https://placekitten.com/504/889,1,OBC,PhD,Chloe Mccall,853-062-1620x11171,Other,270,Electronics,147699,2 Years,270,0,270,176035,2025-01-12,Debit Card,270,Manager traditional his read option senior sport.,Offer ball see environmental manage fight growth night.,270,Science,Mr. Paul Miller,270,John Medina,sharonramos@lewis-martinez.com,598-426-1275x3923,270,ID Proof,2025-01-05,/center/our.jpeg,270,Merit Scholarship,East laugh teacher necessary teach.,500000,270,2025-01-22,270,Perez-Moore,2025-01-31,2,270,Intern,100 LPA,2025-02-10,Yes,Yes,8,Yes,99.08,87.2,161.66,3.36,0,No,18,0,Medium,Waitlisted,Yes
271,Heather Moore,tiffanydean@roberts.com,iYa7VWUg#f,1,0,2ed7d9ba-c7da-492e-9922-efc071dd5efc,271,Anthony Padilla,deanna27@walker.biz,(150)032-9508x341,https://placeimg.com/625/271/any,1,ST,Master's,Thomas Woods,990.128.5023x687,Engineer,271,Computer Science,176267,3 Years,271,0,271,10000000,2025-02-09,Debit Card,271,For property month physical person.,According kitchen PM.,271,Commerce,Erica Marsh,271,Pamela Hughes,alexander09@phillips.com,397-444-1686,271,ID Proof,2025-01-09,/force/address.wav,271,Need-Based,Type behind more item many ten.,20109,271,2025-01-24,271,Jones-Watts,2025-02-03,0,271,Manager,11 LPA,2025-01-27,Yes,Yes,2,No,66.91,52.28,103.83,3.75,0,No,13,0,High,Waitlisted,Yes
272,,joseph68@scott-morgan.com,q4DKqJ2M(e,0,0,eb6db8bd-3f62-4bef-944b-42f664fc7d62,272,Erin Jarvis,joserobinson@jackson.info,140-746-9405,https://www.lorempixel.com/844/19,0,ST,Master's,Annette Kelly,714.823.9492,Other,272,Mechanical,61341,2 Years,272,0,272,10000000,2025-01-23,Credit Card,272,Individual book language part former go.,Character student black all.,272,Commerce,Patricia King,272,Bryan Richards,hernandezjesse@george-kelley.com,709-425-0550,272,Other,2025-01-24,/trouble/eye.mov,272,Merit Scholarship,Series us lot method mission address receive field.,34431,272,2025-02-12,272,Campos PLC,2025-01-25,2,272,Software Engineer,100 LPA,2025-01-05,No,Yes,5,No,56.09,60.84,137.37,3.28,4,No,8,4,Medium,Rejected,Yes
273,Dustin Sanchez,gcarter@gmail.com,30+2gPl!*#,1,0,ee7d1e4a-f712-4a57-bfaa-9da13103fb44,273,Kim Rangel,alexander87@campbell.com,001-829-298-3045x0484,https://dummyimage.com/938x734,1,ST,Bachelor's,Jennifer Munoz,1412774538,Other,273,Electronics,151219,4 Years,273,1,273,10000000,2025-01-20,Credit Card,273,Citizen site father sell network care.,Customer position better contain than action dark.,273,Engineering,Erica Bass,273,Aaron Turner,dominguezkenneth@taylor-reid.com,215.936.1535,273,Resume,2025-01-13,/story/east.odp,273,Need-Based,Project material leader police.,500000,273,2025-01-11,273,Warren LLC,2025-01-16,0,273,Intern,3 LPA,2025-01-26,No,Yes,9,No,77.9,51.3,26.52,3.36,0,Yes,9,0,Medium,Waitlisted,Yes
274,Eric Carr,holmesnatalie@gmail.com,o2)gWlvM#r,1,2,8cf954ed-7fd3-492b-a604-18de5b2a84f0,274,Sarah Rosales,brittany74@yahoo.com,(255)999-2495x311,https://placeimg.com/352/496/any,2,OBC,Master's,Tricia Richards,154.428.5559x000,Teacher,274,Electronics,5000000,3 Years,274,1,274,10000000,2025-01-23,Net Banking,274,Full tree TV share baby.,Outside laugh wind phone system.,274,Arts,Julie Mendez,274,Tina Drake,juliearnold@hotmail.com,942-470-5749x5687,274,Resume,2025-01-20,/home/position.webm,274,Need-Based,Wind sit nation establish agreement relationship improve.,39392,274,2025-01-04,274,Reed-Jackson,2025-02-11,1,274,Data Analyst,12 LPA,2025-01-06,No,Yes,9,No,54.39,94.57,11.44,2.72,0,No,2,0,Low,Rejected,Yes
275,Jill Ramirez,frenchbrendan@evans.com,Brw@H5FpXY,1,2,57a9c40b-faee-4212-b071-7ed2633580da,275,Shannon Price,james97@yahoo.com,595.926.6759x6784,https://www.lorempixel.com/414/855,1,OBC,PhD,Joann Park,(100)714-2358,Business,275,Civil,5000000,3 Years,275,1,275,10000000,2025-01-21,Debit Card,275,Cup prove four left help charge.,Now order loss above ball create.,275,Commerce,Joyce Young,275,Stephen Norris,ochambers@meyer.com,657-715-5551,275,Transcript,2025-02-12,/specific/scene.flac,275,Merit Scholarship,Far ability attack type during even.,500000,275,2025-01-29,275,Christensen-Spears,2025-01-13,1,275,Intern,100 LPA,2025-01-15,No,No,2,No,54.83,51.79,103.25,3.04,2,Yes,3,2,High,Rejected,Yes
276,John Wallace,joneschristine@gmail.com,+fJTTZmcz6,1,0,d2ec47e7-ee81-4b4a-9f26-f585da315219,276,Michael Hubbard,deborahshannon@simmons.com,293-434-7345,https://placeimg.com/813/548/any,2,OBC,Master's,Anthony Brooks,(800)495-3560,Doctor,276,Biotech,5000000,2 Years,276,1,276,10000000,2025-02-06,Debit Card,276,Area minute good activity arm begin far through.,Pretty system data probably street tonight military room.,276,Science,Kathryn Miller,276,Dustin Johnson,hwalls@baldwin-blanchard.com,+1-870-321-4956x981,276,Other,2025-01-05,/commercial/once.jpeg,276,Need-Based,World training when go.,44814,276,2025-01-17,276,Shaffer and Sons,2025-02-04,1,276,Software Engineer,3 LPA,2025-01-14,Yes,No,7,No,83.53,74.13,74.55,2.45,5,Yes,16,5,High,Rejected,Yes
277,Sandra Harris,elizabethconway@hotmail.com,k72IdcsJ%O,1,2,a7fe88be-382e-4159-86f1-5532f982a0bc,277,Julie Rogers,joe74@terry.org,(978)038-9986,,2,General,Bachelor's,Donald Flores,9765894350,Business,277,Electronics,112966,2 Years,277,0,277,181867,2025-01-05,Debit Card,277,Mention wall blood teacher rich.,Ago hard future commercial.,277,Science,Tammy Garcia,277,Jessica Thomas,carsongregory@yahoo.com,652.119.9216,277,Other,2025-01-19,/music/stop.txt,277,Need-Based,Rule business lot capital order series sea letter.,24050,277,2025-01-06,277,"Townsend, Holmes and Stephens",2025-01-14,2,277,Software Engineer,5 LPA,2025-01-03,Yes,Yes,3,Yes,52.9,97.74,13.69,3.11,2,No,6,2,High,Rejected,Yes
278,,jperry@hotmail.com,+S1#uLQe+_,0,0,48db4464-f47a-4382-b2ce-826e19ea0652,278,Jack Johnson,brownchristina@gmail.com,672-964-1406x961,https://www.lorempixel.com/1024/355,1,General,High School,Richard Mclaughlin,768.340.9039,Business,278,Computer Science,188321,3 Years,278,1,278,10000000,2025-01-11,Net Banking,278,Size former someone paper medical address require.,Class policy strategy behavior sport case consider far.,278,Commerce,Jonathan Contreras,278,Anthony Wolf,james05@hughes-flynn.com,+1-618-797-3301,278,ID Proof,2025-02-02,/they/PM.png,278,Merit Scholarship,Week realize down head movement throw difference.,500000,278,2025-01-22,278,Russell-Russell,2025-01-05,1,278,Intern,12 LPA,2025-01-27,No,No,8,Yes,50.57,83.21,189.49,2.07,1,Yes,5,1,Medium,Accepted,Yes
279,Michael Marshall,wwilliams@hotmail.com,#7ZpIZZMCf,1,1,cf95bc5d-4844-493b-839b-63387d9f2bc9,279,Jerry Price,yoderjames@knight-watkins.com,+1-518-185-9666x56800,https://placekitten.com/117/86,0,OBC,PhD,Melissa Fritz MD,001-256-126-7110x6887,Engineer,279,Biotech,5000000,3 Years,279,1,279,10000000,2025-02-07,Credit Card,279,Exactly should air trouble land rate quickly often.,Someone ask hit direction grow.,279,Arts,Julie Norman,279,Michelle Webb,fjensen@gmail.com,519-241-0733,279,Transcript,2025-02-06,/them/standard.bmp,279,Sports Quota,Coach current state go perform.,34554,279,2025-01-15,279,Robinson and Sons,2025-02-13,1,279,Manager,100 LPA,2025-01-22,No,No,7,Yes,80.26,63.02,30.72,3.66,3,Yes,2,3,Low,Rejected,Yes
280,Shaun Johnson,cmendez@yahoo.com,J5QreFiK#R,1,2,44f7f355-40ae-4e4f-96c6-abb341671089,280,Henry Smith MD,john14@blair.com,+1-282-301-8525,https://placekitten.com/586/347,2,General,Bachelor's,Hannah Houston,900.245.3320,Other,280,Civil,5000000,3 Years,280,0,280,183822,2025-01-15,Credit Card,280,Few spend act area although form specific.,Ground trial city very dream commercial.,280,Commerce,Jacob Velez,280,Christopher Simon,ricardo64@miller-hamilton.com,612.810.2528,280,Other,2025-01-07,/anything/southern.jpg,280,Need-Based,Near wife can card card.,500000,280,2025-02-11,280,"Aguirre, Fitzpatrick and Blair",2025-02-09,0,280,Manager,100 LPA,2025-02-03,Yes,Yes,,Yes,61.48,0,48.76,3.9,5,No,11,5,Medium,Rejected,Yes
281,Rachel Howe,jchambers@lewis-farley.info,@G^2FXco+!,0,0,9fcfb980-1170-4946-a2fc-5af6666f3447,281,Lisa Lowe,vanessagordon@robbins-evans.org,+1-623-435-2022,https://www.lorempixel.com/312/362,0,General,Master's,Ana Morris,+1-416-688-3244x8924,Other,281,Biotech,74467,2 Years,281,1,281,30637,2025-01-18,Credit Card,281,Every under sport drop generation.,Free see behind economy.,281,Science,Jared Terry,281,Kathleen Smith,chapmanjustin@park-alvarado.info,(307)778-2074x696,281,Other,2025-01-15,/expect/time.csv,281,Sports Quota,According total story without mother order.,500000,281,2025-01-23,281,"Ball, Powers and Castillo",2025-01-01,1,281,Data Analyst,100 LPA,2025-01-17,Yes,Yes,9,No,78.47,93.49,90.63,3,3,No,15,3,Medium,Rejected,Yes
282,Robert Montoya,samanthathomas@watts.com,j^t0Zbpg32,0,2,7541c5b5-f4c3-4453-83cd-6a23a19082bb,282,Peggy Robertson,pamela31@yahoo.com,158846600,https://www.lorempixel.com/605/888,0,SC,High School,Shannon Harrington,637-239-5921,Doctor,282,Biotech,5000000,4 Years,282,0,282,10000000,2025-01-19,Net Banking,282,Wall either stuff.,To behind development thousand machine lawyer account.,282,Science,Catherine Hill,282,Devon Rivera,uthompson@gmail.com,130.737.9300x107,282,Other,2025-01-16,/service/night.csv,282,Merit Scholarship,House city example across.,18326,282,2025-01-18,282,"Pierce, Torres and Lee",2025-02-06,2,282,Software Engineer,100 LPA,2025-01-31,Yes,Yes,0,No,64.91,61.97,181.43,3.68,1,Yes,0,1,Medium,Accepted,Yes
283,Andrea Adams,josestevenson@yahoo.com,F_0nJ19Zzh,1,2,92ad9ca4-c64e-4611-a016-f6a1b46c5169,283,Stephen Bell,tylerfrost@scott-delacruz.info,001-940-098-1615,https://dummyimage.com/588x140,0,SC,High School,Bryan Mckenzie,935-408-6834,Teacher,283,Biotech,5000000,3 Years,283,0,283,101388,2025-01-05,Debit Card,283,Affect itself animal food pattern sit.,Play news world from interest begin billion.,283,Engineering,Aimee Olson,283,Cindy Wall,rbridges@hotmail.com,+1-733-326-9910x841,283,Resume,2025-02-13,/develop/when.png,283,Merit Scholarship,Side yeah fear charge every.,43758,283,2025-02-08,283,Conner Ltd,2025-01-08,0,283,Intern,100 LPA,2025-02-07,No,No,5,No,81.19,55.84,47.14,2.09,4,No,19,4,Medium,Waitlisted,Yes
284,Victor Irwin,austin50@gmail.com,+Ob4sFwq%(,0,1,d307fb25-c127-448e-b626-5feed2a75045,284,Brendan Russell,julie03@ray-moon.com,958-827-0647,https://placekitten.com/602/987,2,General,High School,Sarah Morgan,(029)945-5667x16163,Engineer,284,Civil,56131,2 Years,284,1,284,10000000,2025-01-12,Net Banking,284,Foot answer together oil nothing century water.,That if article education.,284,Engineering,Susan Harris,284,Michelle Schmidt,jose49@yahoo.com,682.922.7133,284,Other,2025-01-02,/work/just.tiff,284,Need-Based,Across yes according source fly.,21879,284,2025-02-04,284,"Roberts, Andrews and Ruiz",2025-01-11,0,284,Software Engineer,5 LPA,2025-02-03,No,No,7,No,80.54,82.71,36.81,3.02,1,Yes,12,1,High,Rejected,Yes
285,Miss April Dennis,thompsonsarah@hunt-yoder.com,2IA$&Lbu%9,1,1,4d3b71e0-21b2-416e-8562-4d46aa2995c3,285,Brianna Moore,ewilson@hotmail.com,8659403302,https://placeimg.com/718/932/any,2,General,PhD,Christopher Mcdonald,(175)151-5862x5957,Engineer,285,Biotech,5000000,2 Years,285,0,285,10000000,2025-01-01,UPI,285,Without resource play security new situation.,Thus difficult candidate enough.,285,Engineering,Benjamin Ortiz,285,Crystal Russell,tamara75@holmes.com,366-077-4618x8351,285,Resume,2025-01-31,/new/establish.jpeg,285,Need-Based,Always president upon prevent management drive thousand.,500000,285,2025-01-03,285,Flores-Callahan,2025-01-22,1,285,Data Analyst,100 LPA,2025-02-04,Yes,Yes,6,No,70.94,50.49,148.04,2.22,5,Yes,14,5,High,Waitlisted,Yes
286,Patrick Peters,kdavid@butler.org,frc0guPij@,1,1,c0c57b02-2372-4c97-b996-805b1aaee08d,286,Logan Nicholson,parkernicole@gmail.com,373-823-4404x795,https://placeimg.com/32/474/any,2,OBC,PhD,Nathan Blankenship,040-943-7605,Teacher,286,Biotech,5000000,2 Years,286,1,286,10000000,2025-01-07,Credit Card,286,Other small red.,Front over cause into establish.,286,Science,Alan Crane,286,Michael Sherman,krystal73@yahoo.com,314-212-1218,286,Other,2025-02-02,/nice/crime.csv,286,Merit Scholarship,Free tree color.,32858,286,2025-02-04,286,Turner-Moore,2025-01-20,1,286,Software Engineer,100 LPA,2025-02-05,Yes,No,4,No,73.93,91.27,181.31,2.56,3,Yes,14,3,High,Rejected,Yes
287,Candace Stevenson,mhernandez@gmail.com,4&2aHqom@t,0,1,91bbef1a-44f7-4fa7-b6ee-b6f5aa28e9c9,287,Paula Graves,michael30@yahoo.com,001-867-190-3141x94896,https://www.lorempixel.com/1005/479,0,OBC,High School,Benjamin Griffin,474.104.3881,Teacher,287,Electronics,5000000,3 Years,287,1,287,118617,2025-01-09,Net Banking,287,Cell past country age relationship reality.,High of simply political.,287,Commerce,Brenda Leonard,287,Tiffany Allen,laura11@lopez.com,(586)620-2048x7237,287,Transcript,2025-02-02,/study/forward.tiff,287,Sports Quota,System too statement apply political develop table.,19599,287,2025-02-06,287,Wells-Carrillo,2025-01-08,2,287,Manager,8 LPA,2025-01-18,No,No,4,No,70.65,60.71,45.17,2.23,2,Yes,10,2,Low,Rejected,Yes
288,Joanna Atkinson,andreatapia@hotmail.com,()p1wFzi(4,0,2,fa78da94-dc34-402c-bb80-42a3002311ea,288,David Perry,douglas76@hotmail.com,+1-027-276-6608x079,https://placekitten.com/393/935,1,ST,Master's,Melissa Brown,395-630-0650,Engineer,288,Computer Science,5000000,3 Years,288,1,288,10000000,2025-01-12,Credit Card,288,Provide learn executive worry.,Value son understand certain wear guess grow without.,288,Engineering,Christie Patterson,288,Raymond Mack,katherinecarter@walker-allison.com,7378511281,288,Resume,2025-01-21,/build/environment.flac,288,Merit Scholarship,Room read project subject trip serve.,500000,288,2025-01-07,288,Rose-Barron,2025-01-12,2,288,Manager,100 LPA,2025-01-05,No,No,3,Yes,94.37,79.76,53.36,3.41,4,Yes,12,4,High,Accepted,Yes
289,Theresa Snyder,jamesrosales@gmail.com,r86ZvryL@h,1,2,7c64bb21-1a86-43ed-a357-2d0f82603bfe,289,Andrew Acosta,jacobriggs@parker.com,(289)992-3215,https://www.lorempixel.com/369/974,2,General,High School,Christopher King,5112697656,Teacher,289,Electronics,5000000,4 Years,289,0,289,49204,2025-02-01,Credit Card,289,Along guess not government art fill nothing.,Sure participant lawyer lay yes game.,289,Engineering,Kelly Alexander,289,Tricia Salas,xcox@holmes.biz,213.342.7662x751,289,ID Proof,2025-02-11,/factor/anyone.odt,289,Sports Quota,Pressure down create minute.,15199,289,2025-01-17,289,"Clark, Jackson and Salas",2025-01-16,0,289,Software Engineer,100 LPA,2025-01-18,Yes,No,0,No,92.51,65.94,117.82,3.93,0,No,14,0,Medium,Waitlisted,Yes
290,Laura Kelley,edwardwells@gmail.com,$&3WnT&*CO,0,1,bf6e9782-4b93-4903-9d01-0abb5ff5b0de,290,Krista Deleon,holmesmary@miller.biz,990-900-5474x823,https://placekitten.com/612/145,0,ST,Master's,Jennifer Clark,001-392-005-5632x4492,Other,290,Civil,128352,3 Years,290,1,290,74724,2025-01-13,Debit Card,290,Give car finally maintain.,Government despite less.,290,Engineering,Brenda Anderson,290,Craig Smith,crawfordangela@yahoo.com,001-117-926-5489x06839,290,Resume,2025-02-07,/person/attention.pages,290,Sports Quota,Sell now possible amount.,30612,290,2025-02-09,290,"Williams, Martin and Glover",2025-01-16,2,290,Data Analyst,100 LPA,2025-02-03,Yes,No,9,No,0,89.26,143.54,2.69,4,No,19,4,High,Accepted,Yes
291,Lisa Martinez,michael73@hotmail.com,g#AdyZMN$2,0,1,4f8d3169-66f7-40c3-a0d1-4f242b34ff90,291,Angela Carlson,ywatts@velasquez.com,+1-957-726-0634,https://placekitten.com/526/642,1,ST,PhD,Kristin Brown,273.966.3259x260,Doctor,291,Mechanical,105156,3 Years,291,0,291,10000000,2025-02-10,Net Banking,291,Have partner production real hope.,Vote enough throughout rich knowledge sister.,291,Arts,Shelby Jones,291,John Olson,michealbridges@hotmail.com,001-421-816-7986x8503,291,Other,2025-01-02,/street/enjoy.mp3,291,Need-Based,Million quickly mission.,500000,291,2025-01-02,291,Beasley-Martin,2025-01-05,2,291,Intern,11 LPA,2025-01-04,Yes,Yes,2,No,97.13,94.18,166.03,2.76,4,No,12,4,High,Rejected,Yes
292,Christina Thompson,xfisher@hotmail.com,!k$sDynB&2,0,2,618e49fb-b523-4f8d-98ca-794b8a29003a,292,John Smith,taylorrebekah@ramirez.com,304-472-4094,https://www.lorempixel.com/292/434,2,SC,Master's,Brandi Garcia,845-086-1773x409,Engineer,292,Mechanical,85557,3 Years,292,1,292,35515,2025-01-25,UPI,292,Cut stock read each more.,Expect friend before determine sure military actually heart.,292,Commerce,Brenda Smith,292,Robert Brooks,mcculloughpatricia@mendoza.com,810-366-7316x707,292,ID Proof,2025-02-05,/business/hold.js,292,Merit Scholarship,Develop air pull event last show treatment notice.,500000,292,2025-02-13,292,Jimenez-Morris,2025-01-06,2,292,Software Engineer,100 LPA,2025-02-06,Yes,No,5,Yes,90.24,74.74,56.89,3.33,3,Yes,12,3,Low,Rejected,Yes
293,Jesse Fuller,ashleyfrey@love-jones.org,&@0DYiKee#,1,2,4f0a181c-d354-4f80-82e8-53b2087e19b4,293,Tracey Jackson,michael65@edwards-morgan.com,394.306.0713,,2,OBC,Master's,Jason Page,+1-894-505-7432x47744,Other,293,Civil,5000000,3 Years,293,0,293,61556,2025-01-23,Debit Card,293,Among fall pull public surface.,Significant itself accept.,293,Arts,Leonard Payne,293,Lori Wilson,pjones@miller.com,463059523,293,Other,2025-01-01,/radio/something.jpeg,293,Sports Quota,Write while newspaper movie choice tree.,500000,293,2025-02-05,293,Garcia-Schaefer,2025-01-22,1,293,Software Engineer,100 LPA,2025-02-12,Yes,No,5,No,58.86,54.42,170.36,3.46,0,Yes,15,0,Medium,Accepted,Yes
294,Jason Stewart,ncarpenter@hotmail.com,%+4R@5fJr0,1,0,7cddf8e6-367a-46bd-b9d2-1d4c01ebab53,294,Tom Jackson MD,katherine51@parker-spencer.com,(703)609-8203x97586,https://placeimg.com/135/616/any,2,OBC,Master's,William Rodriguez,(805)289-6906,Doctor,294,Civil,5000000,3 Years,294,0,294,102920,2025-01-24,UPI,294,Among outside behind throw act blue baby.,Save difficult source.,294,Commerce,Kevin Blankenship,294,Sharon Pacheco,lisacunningham@hotmail.com,(433)642-1162x347,294,Transcript,2025-01-27,/health/southern.ppt,294,Merit Scholarship,Message respond instead because.,500000,294,2025-02-09,294,Marks-Bowen,2025-01-24,2,294,Software Engineer,100 LPA,2025-01-26,No,Yes,0,Yes,96.07,91.62,53.79,2.74,1,Yes,15,1,Medium,Accepted,Yes
295,Marcus Stanley,lori04@smith-barber.biz,_43NUVFrRP,0,1,6c6ae3ed-56ad-4678-9898-794854d2a77b,295,Christopher Hodge,jamierios@gmail.com,001-863-762-3739x9234,https://placeimg.com/414/978/any,0,ST,PhD,Mark Stanley Jr.,(754)146-1222x189,Teacher,295,Electronics,104013,2 Years,295,0,295,10000000,2025-01-24,Debit Card,295,Main artist man.,Middle occur ten campaign local.,295,Engineering,Nicholas Martin,295,Gary Campos,tiffanyreeves@hotmail.com,(697)478-6701,295,Resume,2025-01-22,/reduce/quite.css,295,Sports Quota,Surface end sure.,40359,295,2025-01-08,295,May Ltd,2025-01-06,0,295,Software Engineer,7 LPA,2025-01-18,Yes,No,9,Yes,70.2,78.81,166.36,2.42,3,No,10,3,Medium,Waitlisted,Yes
296,Frank Rodriguez,alexatorres@marks-castaneda.info,%M4HylaA6X,0,2,3707f9f8-5c9f-49d1-93c3-9aff061dfc63,296,Scott Walker,michaelbrown@nguyen.com,(171)305-0575,https://placekitten.com/426/622,1,SC,PhD,Paul Jones,177-461-1766x9088,Business,296,Mechanical,5000000,3 Years,296,0,296,126939,2025-01-25,Net Banking,296,Right lead if high.,Listen open argue nor manager six rather.,296,Arts,Erica Williams,296,Kelly Davis,nguyendakota@peck-perez.com,362.504.8195,296,ID Proof,2025-01-17,/anything/Mrs.bmp,296,Need-Based,Lawyer law hope listen husband line enough.,21256,296,2025-01-12,296,Weaver PLC,2025-01-26,2,296,Software Engineer,100 LPA,2025-01-13,No,No,9,No,69.62,85.13,130.93,2.07,0,Yes,5,0,Low,Waitlisted,Yes
297,Kelly Hoffman,jking@yahoo.com,AP@_8oMclg,0,0,28c6fd52-c083-4770-81a5-d627c056fa27,297,John Wright,manuelobrien@fowler-steele.org,(434)562-1852,https://placeimg.com/68/717/any,2,SC,PhD,Tina May,248.876.4706x30469,Doctor,297,Mechanical,180053,3 Years,297,0,297,32567,2025-01-20,Credit Card,297,Various skin professional always relate.,Rise card before only score.,297,Arts,Andrew Blankenship,297,Vincent Webster,natasha91@yahoo.com,353.368.1585x79394,297,Transcript,2025-02-09,/specific/hot.jpeg,297,Need-Based,Wife arrive might any five tax.,10425,297,2025-02-11,297,Kennedy PLC,2025-01-12,0,297,Intern,7 LPA,2025-01-12,No,No,2,No,71.66,0,70.1,2.04,5,No,16,5,High,Accepted,Yes
298,Gina Wilkerson,victoria53@hotmail.com,%c1RIAlFDM,0,2,cf6c4b31-f73d-49a7-9fd8-54c25f051808,298,Tiffany Stanton,jeffreycarr@gardner.net,(161)289-3734,,2,OBC,Master's,Bruce Rivera,179-433-9500,Engineer,298,Biotech,188965,4 Years,298,0,298,154060,2025-02-09,Credit Card,298,Son system play similar service couple.,Response ask tough play guy truth will.,298,Science,Christopher Thomas,298,Randy Wilkins,stacy05@gmail.com,001-540-029-0576,298,Other,2025-02-11,/rate/against.css,298,Sports Quota,Economy because return step yeah play.,18236,298,2025-02-12,298,Yu and Sons,2025-01-03,2,298,Software Engineer,100 LPA,2025-01-19,No,No,2,Yes,60.59,50.98,192.91,2.09,5,Yes,4,5,High,Rejected,Yes
299,Lawrence Durham,zclark@hotmail.com,86LF7Oah(5,0,1,0f1145e6-886f-4eba-bed3-ab298023fc94,299,Alexander Wagner,simonamy@james-villarreal.com,180-830-3563,https://placekitten.com/624/370,1,General,PhD,Monica Lucas,(369)570-7283x174,Business,299,Biotech,96966,2 Years,299,1,299,10000000,2025-01-23,Debit Card,299,Skill group garden degree.,Whom first wall wait money.,299,Commerce,Jacob Crawford,299,Joseph Hahn,yandrews@weaver.com,293-063-4103x24314,299,Transcript,2025-01-23,/drop/bring.js,299,Sports Quota,Subject according take act member operation mind.,11977,299,2025-01-30,299,Kim Group,2025-02-04,1,299,Software Engineer,100 LPA,2025-01-17,No,Yes,8,No,0,61.5,148.75,2.95,5,No,12,5,High,Waitlisted,Yes
300,Lauren Nunez,markmartinez@yahoo.com,!n5uelEp5w,0,0,c9fbccea-8252-4103-93e2-218057fe453e,300,Jon Rowland,qthompson@yahoo.com,(359)176-0949x50078,https://www.lorempixel.com/315/28,0,General,Bachelor's,Nicole Quinn,001-382-153-1128x7616,Engineer,300,Electronics,5000000,2 Years,300,1,300,95116,2025-01-01,Credit Card,300,Protect event conference program sure.,History treatment into.,300,Commerce,James Jensen,300,Shannon Jones,madisonhall@guerra.org,7279185393,300,Resume,2025-02-01,/eat/store.html,300,Merit Scholarship,Left sit consider.,47574,300,2025-02-13,300,Fischer-Ramirez,2025-01-01,2,300,Data Analyst,100 LPA,2025-02-06,,,,,,,,,,,,,,,
